,Genus,Family_status2,n_def,n_suff,p_value,median_def,median_suff,effect,p_adj
1,Acinetobacter,Boys,26,22,0.379914354663879,0,0,0,0.727935634775895
2,Acinetobacter,Father,27,22,NA,0,0,0,NA
3,Acinetobacter,Girls,18,27,0.256245051570164,0,0,0,0.727935634775895
4,Acinetobacter,Mother,21,27,NA,0,0,0,NA
5,Acutalibacter,Boys,26,22,0.0661283480666864,0,0,0,0.727935634775895
6,Acutalibacter,Father,27,22,0.421712289753356,0,0,0,0.727935634775895
7,Acutalibacter,Girls,18,27,0.395791497132206,0,0,0,0.727935634775895
8,Acutalibacter,Mother,21,27,0.464921890641614,0,0,0,0.74165586194142
9,Adlercreutzia,Boys,26,22,0.00614376309994128,0,0,0,0.694245230293365
10,Adlercreutzia,Father,27,22,0.915724868358946,0,0,0,0.957065428392757
11,Adlercreutzia,Girls,18,27,0.43416542658497,0,0,0,0.727935634775895
12,Adlercreutzia,Mother,21,27,0.400952653641918,0,0,0,0.727935634775895
13,Agathobacter,Boys,26,22,0.234563747129189,0.0231837777288401,0.027611614561135,0.00442783683229493,0.727935634775895
14,Agathobacter,Father,27,22,0.186618577745483,0.0370469798657718,0.0654011918260339,0.0283542119602621,0.727935634775895
15,Agathobacter,Girls,18,27,0.109399585242953,0.0153770102365416,0,-0.0153770102365416,0.727935634775895
16,Agathobacter,Mother,21,27,0.708074276335095,0.0629753358447651,0.0393515799365676,-0.0236237559081975,0.938383913955828
17,Agathobaculum,Boys,26,22,0.245557952073813,0,0.00313135698571389,0.00313135698571389,0.727935634775895
18,Agathobaculum,Father,27,22,0.200431421268207,0.00363974289475722,0.00598383011745443,0.00234408722269721,0.727935634775895
19,Agathobaculum,Girls,18,27,0.169583561114781,0.00107769643515674,0,-0.00107769643515674,0.727935634775895
20,Agathobaculum,Mother,21,27,0.0642183150837393,0.00567275305796845,0.0057074196455392,3.4666587570756E-05,0.727935634775895
21,Akkermansia,Boys,26,22,0.22683094815493,0,0,0,0.727935634775895
22,Akkermansia,Father,27,22,0.244414222305114,0,0,0,0.727935634775895
23,Akkermansia,Girls,18,27,0.782190626163215,0,0,0,0.953761457581019
24,Akkermansia,Mother,21,27,0.194146762682539,0,0,0,0.727935634775895
25,Alistipes,Boys,26,22,0.505601580118741,0,0,0,0.767916378406152
26,Alistipes,Father,27,22,0.284447650782561,0,0,0,0.727935634775895
27,Alistipes,Girls,18,27,0.219124515171959,0,0,0,0.727935634775895
28,Alistipes,Mother,21,27,0.435208537765494,0,0,0,0.727935634775895
29,Allisonella,Boys,26,22,NA,0,0,0,NA
30,Allisonella,Father,27,22,0.883473001528918,0,0,0,0.957065428392757
31,Allisonella,Girls,18,27,NA,0,0,0,NA
32,Allisonella,Mother,21,27,NA,0,0,0,NA
33,Anaerobutyricum,Boys,26,22,0.863549603291002,0,0,0,0.957065428392757
34,Anaerobutyricum,Father,27,22,0.436416208323022,0.0111249186342387,0.00807413058867713,-0.00305078804556159,0.727935634775895
35,Anaerobutyricum,Girls,18,27,0.835923062512461,0,0,0,0.957065428392757
36,Anaerobutyricum,Mother,21,27,0.818766203823047,0.0142820380854349,0.00968921389396709,-0.0045928241914678,0.955695033331585
37,Anaerococcus,Boys,26,22,0.198870863188928,0,0,0,0.727935634775895
38,Anaerococcus,Father,27,22,NA,0,0,0,NA
39,Anaerococcus,Girls,18,27,0.155698795444326,0,0,0,0.727935634775895
40,Anaerococcus,Mother,21,27,NA,0,0,0,NA
41,Anaeroplasma,Boys,26,22,NA,0,0,0,NA
42,Anaeroplasma,Father,27,22,NA,0,0,0,NA
43,Anaeroplasma,Girls,18,27,NA,0,0,0,NA
44,Anaeroplasma,Mother,21,27,0.218544493804991,0,0,0,0.727935634775895
45,Anaerostipes,Boys,26,22,0.0881408608241399,0,0,0,0.727935634775895
46,Anaerostipes,Father,27,22,0.415985269955327,0,0,0,0.727935634775895
47,Anaerostipes,Girls,18,27,0.770334713642339,0,0,0,0.953761457581019
48,Anaerostipes,Mother,21,27,0.514163700131074,0.0041407867494824,0.0046205793495646,0.000479792600082197,0.774506841665307
49,Anaerovibrio,Boys,26,22,NA,0,0,0,NA
50,Anaerovibrio,Father,27,22,0.388885411807765,0,0,0,0.727935634775895
51,Anaerovibrio,Girls,18,27,NA,0,0,0,NA
52,Anaerovibrio,Mother,21,27,NA,0,0,0,NA
53,Aquamonas,Boys,26,22,NA,0,0,0,NA
54,Aquamonas,Father,27,22,0.388885411807765,0,0,0,0.727935634775895
55,Aquamonas,Girls,18,27,NA,0,0,0,NA
56,Aquamonas,Mother,21,27,NA,0,0,0,NA
57,Arcobacter,Boys,26,22,0.379914354663879,0,0,0,0.727935634775895
58,Arcobacter,Father,27,22,NA,0,0,0,NA
59,Arcobacter,Girls,18,27,NA,0,0,0,NA
60,Arcobacter,Mother,21,27,NA,0,0,0,NA
61,Asaccharobacter,Boys,26,22,NA,0,0,0,NA
62,Asaccharobacter,Father,27,22,0.388885411807765,0,0,0,0.727935634775895
63,Asaccharobacter,Girls,18,27,NA,0,0,0,NA
64,Asaccharobacter,Mother,21,27,NA,0,0,0,NA
65,Asaccharospora,Boys,26,22,0.295883176810049,0,0,0,0.727935634775895
66,Asaccharospora,Father,27,22,NA,0,0,0,NA
67,Asaccharospora,Girls,18,27,NA,0,0,0,NA
68,Asaccharospora,Mother,21,27,NA,0,0,0,NA
69,Asteroleplasma,Boys,26,22,NA,0,0,0,NA
70,Asteroleplasma,Father,27,22,0.120274857584525,0,0,0,0.727935634775895
71,Asteroleplasma,Girls,18,27,0.440626525828949,0,0,0,0.727935634775895
72,Asteroleplasma,Mother,21,27,0.224793695841502,0,0,0,0.727935634775895
73,Bacillus,Boys,26,22,0.379914354663879,0,0,0,0.727935634775895
74,Bacillus,Father,27,22,NA,0,0,0,NA
75,Bacillus,Girls,18,27,NA,0,0,0,NA
76,Bacillus,Mother,21,27,NA,0,0,0,NA
77,Bacteroides,Boys,26,22,0.817092719318733,0,0,0,0.955695033331585
78,Bacteroides,Father,27,22,0.790266762722456,0.00257138990391122,0.00273238160154845,0.00016099169763723,0.953761457581019
79,Bacteroides,Girls,18,27,0.0815903748618253,0,0,0,0.727935634775895
80,Bacteroides,Mother,21,27,0.898061616912055,0.00235507246376812,0.00109689213893967,-0.00125818032482844,0.957065428392757
81,Barnesiella,Boys,26,22,0.198870863188928,0,0,0,0.727935634775895
82,Barnesiella,Father,27,22,0.251054590416073,0,0,0,0.727935634775895
83,Barnesiella,Girls,18,27,0.74099569551498,0,0,0,0.950258996376821
84,Barnesiella,Mother,21,27,0.501962062476082,0,0,0,0.764443572234465
85,Bifidobacterium,Boys,26,22,0.576021651629657,0.0190973735471148,0.0176257381904885,-0.00147163535662628,0.831610970293221
86,Bifidobacterium,Father,27,22,0.824854176695379,0.0162403572878603,0.0153484955928726,-0.000891861694987776,0.957065428392757
87,Bifidobacterium,Girls,18,27,0.365674196894312,0.0123094663381218,0.0121678668984356,-0.000141599439686259,0.727935634775895
88,Bifidobacterium,Mother,21,27,0.208194110173745,0.0169779286926995,0.0191960971470994,0.00221816845439988,0.727935634775895
89,Bilophila,Boys,26,22,NA,0,0,0,NA
90,Bilophila,Father,27,22,NA,0,0,0,NA
91,Bilophila,Girls,18,27,0.440626525828949,0,0,0,0.727935634775895
92,Bilophila,Mother,21,27,0.400952653641918,0,0,0,0.727935634775895
93,Blautia,Boys,26,22,0.510331396981367,0.00775990805434209,0.00943949285790503,0.00167958480356294,0.773022089261321
94,Blautia,Father,27,22,0.762965935674113,0.0112011656497587,0.0175231322678471,0.00632196661808838,0.953761457581019
95,Blautia,Girls,18,27,0.273027147808226,0.00711985985976559,0.00172621437173826,-0.00539364548802733,0.727935634775895
96,Blautia,Mother,21,27,0.574666219245048,0.0278551532033426,0.0332567256996079,0.00540157249626533,0.831610970293221
97,Brachyspira,Boys,26,22,NA,0,0,0,NA
98,Brachyspira,Father,27,22,0.388885411807765,0,0,0,0.727935634775895
99,Brachyspira,Girls,18,27,NA,0,0,0,NA
100,Brachyspira,Mother,21,27,NA,0,0,0,NA
101,Bradyrhizobium,Boys,26,22,0.198870863188928,0,0,0,0.727935634775895
102,Bradyrhizobium,Father,27,22,NA,0,0,0,NA
103,Bradyrhizobium,Girls,18,27,0.256245051570164,0,0,0,0.727935634775895
104,Bradyrhizobium,Mother,21,27,NA,0,0,0,NA
105,Butyribacter,Boys,26,22,0.295883176810049,0,0,0,0.727935634775895
106,Butyribacter,Father,27,22,NA,0,0,0,NA
107,Butyribacter,Girls,18,27,0.557475512451171,0,0,0,0.811787795193071
108,Butyribacter,Mother,21,27,0.814077853993505,0,0,0,0.955695033331585
109,Butyricimonas,Boys,26,22,NA,0,0,0,NA
110,Butyricimonas,Father,27,22,0.9299237214705,0,0,0,0.960524502067335
111,Butyricimonas,Girls,18,27,0.0855806605801692,0,0,0,0.727935634775895
112,Butyricimonas,Mother,21,27,0.814077853993505,0,0,0,0.955695033331585
113,Butyrivibrio,Boys,26,22,0.710846575527601,0,0,0,0.938383913955828
114,Butyrivibrio,Father,27,22,0.40914513229167,0,0,0,0.727935634775895
115,Butyrivibrio,Girls,18,27,0.54335491625632,0,0,0,0.797066237196591
116,Butyrivibrio,Mother,21,27,0.436213692428931,0,0,0,0.727935634775895
117,CAG-196,Boys,26,22,0.295883176810049,0,0,0,0.727935634775895
118,CAG-196,Father,27,22,0.286065355539128,0,0,0,0.727935634775895
119,CAG-196,Girls,18,27,NA,0,0,0,NA
120,CAG-196,Mother,21,27,0.111716075974836,0,0,0,0.727935634775895
121,CAG-352,Boys,26,22,0.576976106822907,0,0,0,0.831610970293221
122,CAG-352,Father,27,22,0.456836315886617,0,0,0,0.738058632348831
123,CAG-352,Girls,18,27,0.213230717406986,0,0,0,0.727935634775895
124,CAG-352,Mother,21,27,0.631336279050217,0,0,0,0.903021378335488
125,CAG-56,Boys,26,22,0.127557904218312,0,0,0,0.727935634775895
126,CAG-56,Father,27,22,0.453429911749805,0,0,0,0.738058632348831
127,CAG-56,Girls,18,27,NA,0,0,0,NA
128,CAG-56,Mother,21,27,0.714408469924397,0,0,0,0.938699501179731
129,Caproiciproducens,Boys,26,22,NA,0,0,0,NA
130,Caproiciproducens,Father,27,22,0.388885411807765,0,0,0,0.727935634775895
131,Caproiciproducens,Girls,18,27,0.440626525828949,0,0,0,0.727935634775895
132,Caproiciproducens,Mother,21,27,NA,0,0,0,NA
133,Catenibacterium,Boys,26,22,0.194423211817617,0,0,0,0.727935634775895
134,Catenibacterium,Father,27,22,0.196450136096401,0,0,0,0.727935634775895
135,Catenibacterium,Girls,18,27,0.440626525828949,0,0,0,0.727935634775895
136,Catenibacterium,Mother,21,27,0.80348419616207,0,0,0,0.953855298973846
137,Caulobacter,Boys,26,22,0.109019463151436,0,0,0,0.727935634775895
138,Caulobacter,Father,27,22,NA,0,0,0,NA
139,Caulobacter,Girls,18,27,0.724870357295752,0,0,0,0.942931270733537
140,Caulobacter,Mother,21,27,NA,0,0,0,NA
141,Cetobacterium,Boys,26,22,0.379914354663879,0,0,0,0.727935634775895
142,Cetobacterium,Father,27,22,0.11595733678634,0,0,0,0.727935634775895
143,Cetobacterium,Girls,18,27,0.139348832962554,0,0,0,0.727935634775895
144,Cetobacterium,Mother,21,27,0.218544493804991,0,0,0,0.727935634775895
145,Christensenellaceae R-7 group,Boys,26,22,0.292280052734603,0.00358847202427509,0.00809116916723497,0.00450269714295988,0.727935634775895
146,Christensenellaceae R-7 group,Father,27,22,0.122040848529984,0.000838222967309304,0.00439074981792327,0.00355252685061397,0.727935634775895
147,Christensenellaceae R-7 group,Girls,18,27,0.859959126075675,0.00519302011483202,0.00410846343467543,-0.00108455668015659,0.957065428392757
148,Christensenellaceae R-7 group,Mother,21,27,0.801124088543861,0.00345598698922545,0.00272433168738294,-0.000731655301842514,0.953855298973846
149,Chryseobacterium,Boys,26,22,NA,0,0,0,NA
150,Chryseobacterium,Father,27,22,NA,0,0,0,NA
151,Chryseobacterium,Girls,18,27,0.440626525828949,0,0,0,0.727935634775895
152,Chryseobacterium,Mother,21,27,NA,0,0,0,NA
153,Clostridium,Boys,26,22,0.975090565251338,0.0141554118068129,0.0154347737045113,0.00127936189769835,0.978554474896991
154,Clostridium,Father,27,22,0.725973633219625,0.00399097692174215,0.00366617652970786,-0.000324800392034284,0.942931270733537
155,Clostridium,Girls,18,27,0.140978985216743,0.0424405082800337,0.0150273224043716,-0.0274131858756622,0.727935634775895
156,Clostridium,Mother,21,27,0.916411321699967,0.00345598698922545,0.00537699008711325,0.00192100309788779,0.957065428392757
157,Colidextribacter,Boys,26,22,0.387995097421998,0,0,0,0.727935634775895
158,Colidextribacter,Father,27,22,0.356912240928477,0,0,0,0.727935634775895
159,Colidextribacter,Girls,18,27,0.415623737529249,0,0,0,0.727935634775895
160,Colidextribacter,Mother,21,27,0.700847173703535,0,0,0,0.936119747381791
161,Collinsella,Boys,26,22,0.454489657861457,0,0.000826919407162394,0.000826919407162394,0.738058632348831
162,Collinsella,Father,27,22,0.895075012375247,0.001548128585739,0.00175129396438273,0.000203165378643729,0.957065428392757
163,Collinsella,Girls,18,27,0.100293325380454,0,0,0,0.727935634775895
164,Collinsella,Mother,21,27,0.323848919981715,0.00107252487148193,0.00288440204126914,0.0018118771697872,0.727935634775895
165,Conservatibacter,Boys,26,22,0.379914354663879,0,0,0,0.727935634775895
166,Conservatibacter,Father,27,22,NA,0,0,0,NA
167,Conservatibacter,Girls,18,27,0.440626525828949,0,0,0,0.727935634775895
168,Conservatibacter,Mother,21,27,NA,0,0,0,NA
169,Coprobacter,Boys,26,22,NA,0,0,0,NA
170,Coprobacter,Father,27,22,NA,0,0,0,NA
171,Coprobacter,Girls,18,27,NA,0,0,0,NA
172,Coprobacter,Mother,21,27,0.400952653641918,0,0,0,0.727935634775895
173,Coprococcus,Boys,26,22,0.263977992641174,0.000974264705882353,0.00721210514141085,0.0062378404355285,0.727935634775895
174,Coprococcus,Father,27,22,0.199274122885426,0.0121400945423292,0.0206849273790044,0.00854483283667518,0.727935634775895
175,Coprococcus,Girls,18,27,0.47030098393424,0.00165003535790053,0,-0.00165003535790053,0.742796320497147
176,Coprococcus,Mother,21,27,0.369943711956253,0.00957277078532175,0.0124510850231234,0.00287831423780169,0.727935634775895
177,Coriobacteriaceae UCG-003,Boys,26,22,NA,0,0,0,NA
178,Coriobacteriaceae UCG-003,Father,27,22,0.388885411807765,0,0,0,0.727935634775895
179,Coriobacteriaceae UCG-003,Girls,18,27,0.155698795444326,0,0,0,0.727935634775895
180,Coriobacteriaceae UCG-003,Mother,21,27,NA,0,0,0,NA
181,Corynebacterium,Boys,26,22,0.379914354663879,0,0,0,0.727935634775895
182,Corynebacterium,Father,27,22,NA,0,0,0,NA
183,Corynebacterium,Girls,18,27,0.440626525828949,0,0,0,0.727935634775895
184,Corynebacterium,Mother,21,27,NA,0,0,0,NA
185,Curvibacter,Boys,26,22,NA,0,0,0,NA
186,Curvibacter,Father,27,22,NA,0,0,0,NA
187,Curvibacter,Girls,18,27,0.238245323131779,0,0,0,0.727935634775895
188,Curvibacter,Mother,21,27,NA,0,0,0,NA
189,Defluviitaleaceae UCG-011,Boys,26,22,NA,0,0,0,NA
190,Defluviitaleaceae UCG-011,Father,27,22,NA,0,0,0,NA
191,Defluviitaleaceae UCG-011,Girls,18,27,0.238245323131779,0,0,0,0.727935634775895
192,Defluviitaleaceae UCG-011,Mother,21,27,0.274878215393291,0,0,0,0.727935634775895
193,Desulfovibrio,Boys,26,22,NA,0,0,0,NA
194,Desulfovibrio,Father,27,22,0.388885411807765,0,0,0,0.727935634775895
195,Desulfovibrio,Girls,18,27,NA,0,0,0,NA
196,Desulfovibrio,Mother,21,27,NA,0,0,0,NA
197,Dialister,Boys,26,22,0.683162420120198,0,0,0,0.930088596067258
198,Dialister,Father,27,22,0.295198504129829,0,0.015241120402479,0.015241120402479,0.727935634775895
199,Dialister,Girls,18,27,0.008641575215966,0,0,0,0.727935634775895
200,Dialister,Mother,21,27,0.834523736482883,0,0,0,0.957065428392757
201,Dorea,Boys,26,22,0.024301091803346,0.00608966158839133,0.0141718779499931,0.00808221636160172,0.727935634775895
202,Dorea,Father,27,22,0.526409061682623,0.0186139747995418,0.0121684335044435,-0.00644554129509826,0.778589318980843
203,Dorea,Girls,18,27,0.704807884485801,0.00268259175250677,0.00213789417423838,-0.000544697578268398,0.938003484677673
204,Dorea,Mother,21,27,0.354924665722288,0.0149405772495756,0.0207926070730407,0.00585202982346514,0.727935634775895
205,Dyadobacter,Boys,26,22,NA,0,0,0,NA
206,Dyadobacter,Father,27,22,NA,0,0,0,NA
207,Dyadobacter,Girls,18,27,0.440626525828949,0,0,0,0.727935634775895
208,Dyadobacter,Mother,21,27,NA,0,0,0,NA
209,Eggerthella,Boys,26,22,NA,0,0,0,NA
210,Eggerthella,Father,27,22,NA,0,0,0,NA
211,Eggerthella,Girls,18,27,0.440626525828949,0,0,0,0.727935634775895
212,Eggerthella,Mother,21,27,NA,0,0,0,NA
213,Eisenbergiella,Boys,26,22,NA,0,0,0,NA
214,Eisenbergiella,Father,27,22,NA,0,0,0,NA
215,Eisenbergiella,Girls,18,27,NA,0,0,0,NA
216,Eisenbergiella,Mother,21,27,0.274878215393291,0,0,0,0.727935634775895
217,Elusimicrobium,Boys,26,22,0.379914354663879,0,0,0,0.727935634775895
218,Elusimicrobium,Father,27,22,0.388885411807765,0,0,0,0.727935634775895
219,Elusimicrobium,Girls,18,27,0.238245323131779,0,0,0,0.727935634775895
220,Elusimicrobium,Mother,21,27,0.904451644002747,0,0,0,0.957065428392757
221,Enhydrobacter,Boys,26,22,NA,0,0,0,NA
222,Enhydrobacter,Father,27,22,NA,0,0,0,NA
223,Enhydrobacter,Girls,18,27,0.440626525828949,0,0,0,0.727935634775895
224,Enhydrobacter,Mother,21,27,NA,0,0,0,NA
225,Enterobacter,Boys,26,22,0.879920245117291,0,0,0,0.957065428392757
226,Enterobacter,Father,27,22,0.120274857584525,0,0,0,0.727935634775895
227,Enterobacter,Girls,18,27,0.0957272044495667,0,0,0,0.727935634775895
228,Enterobacter,Mother,21,27,0.111716075974836,0,0,0,0.727935634775895
229,Enterocloster,Boys,26,22,0.261761828606538,0,0,0,0.727935634775895
230,Enterocloster,Father,27,22,0.0985375043818381,0,0,0,0.727935634775895
231,Enterocloster,Girls,18,27,NA,0,0,0,NA
232,Enterocloster,Mother,21,27,0.344111974235275,0,0,0,0.727935634775895
233,Enterococcus,Boys,26,22,0.295883176810049,0,0,0,0.727935634775895
234,Enterococcus,Father,27,22,0.848935615176059,0,0,0,0.957065428392757
235,Enterococcus,Girls,18,27,0.408612562370749,0,0,0,0.727935634775895
236,Enterococcus,Mother,21,27,0.400952653641918,0,0,0,0.727935634775895
237,Erysipelotrichaceae UCG-003,Boys,26,22,0.884130135705998,0,0,0,0.957065428392757
238,Erysipelotrichaceae UCG-003,Father,27,22,0.678961389041312,0,0,0,0.926965073752709
239,Erysipelotrichaceae UCG-003,Girls,18,27,0.348486402259451,0,0,0,0.727935634775895
240,Erysipelotrichaceae UCG-003,Mother,21,27,0.429331550903064,0,0,0,0.727935634775895
241,Erysipelotrichaceae UCG-006,Boys,26,22,0.295883176810049,0,0,0,0.727935634775895
242,Erysipelotrichaceae UCG-006,Father,27,22,0.286065355539128,0,0,0,0.727935634775895
243,Erysipelotrichaceae UCG-006,Girls,18,27,0.440626525828949,0,0,0,0.727935634775895
244,Erysipelotrichaceae UCG-006,Mother,21,27,0.274878215393291,0,0,0,0.727935634775895
245,Escherichia-Shigella,Boys,26,22,0.329958357624497,0,0,0,0.727935634775895
246,Escherichia-Shigella,Father,27,22,0.470481553817711,0,0,0,0.742796320497147
247,Escherichia-Shigella,Girls,18,27,0.780295003611113,0.00533581910387248,0,-0.00533581910387248,0.953761457581019
248,Escherichia-Shigella,Mother,21,27,0.461123357909978,0,0,0,0.738058632348831
249,Ezakiella,Boys,26,22,0.198870863188928,0,0,0,0.727935634775895
250,Ezakiella,Father,27,22,NA,0,0,0,NA
251,Ezakiella,Girls,18,27,0.348486402259451,0,0,0,0.727935634775895
252,Ezakiella,Mother,21,27,NA,0,0,0,NA
253,FD2005,Boys,26,22,NA,0,0,0,NA
254,FD2005,Father,27,22,NA,0,0,0,NA
255,FD2005,Girls,18,27,NA,0,0,0,NA
256,FD2005,Mother,21,27,0.400952653641918,0,0,0,0.727935634775895
257,Faecalibacterium,Boys,26,22,0.942212306169383,0.0572415067846885,0.043153932233073,-0.0140875745516155,0.964296218567218
258,Faecalibacterium,Father,27,22,0.92860087808633,0.0805389917137768,0.0744150425596761,-0.00612394915410075,0.960524502067335
259,Faecalibacterium,Girls,18,27,0.310896828516612,0.0349472832733876,0.014055394791236,-0.0208918884821515,0.727935634775895
260,Faecalibacterium,Mother,21,27,0.851610286241587,0.0559397788755587,0.0669870832081706,0.0110473043326119,0.957065428392757
261,Faecalimonas,Boys,26,22,0.295883176810049,0,0,0,0.727935634775895
262,Faecalimonas,Father,27,22,0.698795708645141,0,0,0,0.936119747381791
263,Faecalimonas,Girls,18,27,NA,0,0,0,NA
264,Faecalimonas,Mother,21,27,0.879395988103112,0,0,0,0.957065428392757
265,Family XIII AD3011 group,Boys,26,22,0.772134703507472,0,0,0,0.953761457581019
266,Family XIII AD3011 group,Father,27,22,0.805455460223854,0,0,0,0.954051016826997
267,Family XIII AD3011 group,Girls,18,27,0.0903769118585829,0,0,0,0.727935634775895
268,Family XIII AD3011 group,Mother,21,27,0.403923062130975,0,0,0,0.727935634775895
269,Family XIII UCG-001,Boys,26,22,0.885946344424436,0,0,0,0.957065428392757
270,Family XIII UCG-001,Father,27,22,0.436089002088957,0,0,0,0.727935634775895
271,Family XIII UCG-001,Girls,18,27,0.238245323131779,0,0,0,0.727935634775895
272,Family XIII UCG-001,Mother,21,27,0.254494649379466,0,0,0,0.727935634775895
273,Fastidiosipila,Boys,26,22,0.379914354663879,0,0,0,0.727935634775895
274,Fastidiosipila,Father,27,22,NA,0,0,0,NA
275,Fastidiosipila,Girls,18,27,NA,0,0,0,NA
276,Fastidiosipila,Mother,21,27,NA,0,0,0,NA
277,Fenollaria,Boys,26,22,0.460385235999245,0,0,0,0.738058632348831
278,Fenollaria,Father,27,22,NA,0,0,0,NA
279,Fenollaria,Girls,18,27,0.875704554005866,0,0,0,0.957065428392757
280,Fenollaria,Mother,21,27,0.400952653641918,0,0,0,0.727935634775895
281,Finegoldia,Boys,26,22,0.198870863188928,0,0,0,0.727935634775895
282,Finegoldia,Father,27,22,NA,0,0,0,NA
283,Finegoldia,Girls,18,27,0.78880285786073,0,0,0,0.953761457581019
284,Finegoldia,Mother,21,27,NA,0,0,0,NA
285,Flavonifractor,Boys,26,22,NA,0,0,0,NA
286,Flavonifractor,Father,27,22,0.9299237214705,0,0,0,0.960524502067335
287,Flavonifractor,Girls,18,27,0.440626525828949,0,0,0,0.727935634775895
288,Flavonifractor,Mother,21,27,0.218544493804991,0,0,0,0.727935634775895
289,Fournierella,Boys,26,22,NA,0,0,0,NA
290,Fournierella,Father,27,22,0.286065355539128,0,0,0,0.727935634775895
291,Fournierella,Girls,18,27,0.238245323131779,0,0,0,0.727935634775895
292,Fournierella,Mother,21,27,0.212095655935964,0,0,0,0.727935634775895
293,Fusicatenibacter,Boys,26,22,0.00315420237057655,0,0,0,0.694245230293365
294,Fusicatenibacter,Father,27,22,0.793511920114094,0.00171925566343042,0.00302409693336444,0.00130484126993402,0.953855298973846
295,Fusicatenibacter,Girls,18,27,0.496219193898556,0,0,0,0.75774012041266
296,Fusicatenibacter,Mother,21,27,0.7611759910972,0.00308177452877517,0,-0.00308177452877517,0.953761457581019
297,Fusobacterium,Boys,26,22,NA,0,0,0,NA
298,Fusobacterium,Father,27,22,0.286065355539128,0,0,0,0.727935634775895
299,Fusobacterium,Girls,18,27,0.440626525828949,0,0,0,0.727935634775895
300,Fusobacterium,Mother,21,27,NA,0,0,0,NA
301,GCA-900066575,Boys,26,22,NA,0,0,0,NA
302,GCA-900066575,Father,27,22,NA,0,0,0,NA
303,GCA-900066575,Girls,18,27,NA,0,0,0,NA
304,GCA-900066575,Mother,21,27,0.274878215393291,0,0,0,0.727935634775895
305,Gemella,Boys,26,22,NA,0,0,0,NA
306,Gemella,Father,27,22,0.388885411807765,0,0,0,0.727935634775895
307,Gemella,Girls,18,27,NA,0,0,0,NA
308,Gemella,Mother,21,27,0.400952653641918,0,0,0,0.727935634775895
309,Gemmiger,Boys,26,22,0.0124497644032987,0.0983343787098211,0.146469724758603,0.0481353460487823,0.727935634775895
310,Gemmiger,Father,27,22,0.943675792512824,0.0118386303615336,0.00804689706793239,-0.00379173329360117,0.964296218567218
311,Gemmiger,Girls,18,27,0.845505138946273,0.103794001251459,0.0870616686819831,-0.016732332569476,0.957065428392757
312,Gemmiger,Mother,21,27,0.393083921399401,0.0133510854691372,0.0137213153536787,0.000370229884541558,0.727935634775895
313,Gordonibacter,Boys,26,22,0.675109640049026,0,0,0,0.926965073752709
314,Gordonibacter,Father,27,22,NA,0,0,0,NA
315,Gordonibacter,Girls,18,27,NA,0,0,0,NA
316,Gordonibacter,Mother,21,27,0.274878215393291,0,0,0,0.727935634775895
317,Granulicatella,Boys,26,22,NA,0,0,0,NA
318,Granulicatella,Father,27,22,0.286065355539128,0,0,0,0.727935634775895
319,Granulicatella,Girls,18,27,NA,0,0,0,NA
320,Granulicatella,Mother,21,27,NA,0,0,0,NA
321,HT002,Boys,26,22,NA,0,0,0,NA
322,HT002,Father,27,22,NA,0,0,0,NA
323,HT002,Girls,18,27,0.238245323131779,0,0,0,0.727935634775895
324,HT002,Mother,21,27,NA,0,0,0,NA
325,Haemophilus,Boys,26,22,0.879920245117291,0,0,0,0.957065428392757
326,Haemophilus,Father,27,22,0.29547703076817,0,0,0,0.727935634775895
327,Haemophilus,Girls,18,27,0.747041386983266,0,0,0,0.950626990192669
328,Haemophilus,Mother,21,27,0.436213692428931,0,0,0,0.727935634775895
329,Holdemanella,Boys,26,22,0.228975504103061,0,0,0,0.727935634775895
330,Holdemanella,Father,27,22,0.932732031919416,0,0,0,0.961667149697938
331,Holdemanella,Girls,18,27,0.180820824284984,0,0,0,0.727935634775895
332,Holdemanella,Mother,21,27,0.38953021653442,0,0,0,0.727935634775895
333,Howardella,Boys,26,22,0.773283216025837,0,0,0,0.953761457581019
334,Howardella,Father,27,22,0.9299237214705,0,0,0,0.960524502067335
335,Howardella,Girls,18,27,0.872314492340358,0,0,0,0.957065428392757
336,Howardella,Mother,21,27,0.400952653641918,0,0,0,0.727935634775895
337,Hungatella,Boys,26,22,NA,0,0,0,NA
338,Hungatella,Father,27,22,NA,0,0,0,NA
339,Hungatella,Girls,18,27,0.830319050243675,0,0,0,0.957065428392757
340,Hungatella,Mother,21,27,0.274878215393291,0,0,0,0.727935634775895
341,Intestinibacter,Boys,26,22,0.801677834474822,0,0,0,0.953855298973846
342,Intestinibacter,Father,27,22,0.988126856648363,0,0,0,0.989878854621144
343,Intestinibacter,Girls,18,27,0.0305377227935209,0.0213600777850334,0,-0.0213600777850334,0.727935634775895
344,Intestinibacter,Mother,21,27,0.521595883407366,0,0,0,0.777576976583541
345,Intestinimonas,Boys,26,22,0.0118362430423566,0,0,0,0.727935634775895
346,Intestinimonas,Father,27,22,0.846067608099405,0,0,0,0.957065428392757
347,Intestinimonas,Girls,18,27,0.256245051570164,0,0,0,0.727935634775895
348,Intestinimonas,Mother,21,27,0.736368320684895,0,0,0,0.950258996376821
349,Kineothrix,Boys,26,22,NA,0,0,0,NA
350,Kineothrix,Father,27,22,NA,0,0,0,NA
351,Kineothrix,Girls,18,27,NA,0,0,0,NA
352,Kineothrix,Mother,21,27,0.274878215393291,0,0,0,0.727935634775895
353,Klebsiella,Boys,26,22,0.123216535668991,0,0,0,0.727935634775895
354,Klebsiella,Father,27,22,0.9299237214705,0,0,0,0.960524502067335
355,Klebsiella,Girls,18,27,0.173665516680949,0,0,0,0.727935634775895
356,Klebsiella,Mother,21,27,0.239800326613075,0,0,0,0.727935634775895
357,Kocuria,Boys,26,22,NA,0,0,0,NA
358,Kocuria,Father,27,22,NA,0,0,0,NA
359,Kocuria,Girls,18,27,0.440626525828949,0,0,0,0.727935634775895
360,Kocuria,Mother,21,27,NA,0,0,0,NA
361,Lachnoclostridium,Boys,26,22,0.710846575527601,0,0,0,0.938383913955828
362,Lachnoclostridium,Father,27,22,0.912364942916057,0,0,0,0.957065428392757
363,Lachnoclostridium,Girls,18,27,0.440626525828949,0,0,0,0.727935634775895
364,Lachnoclostridium,Mother,21,27,0.0239392423970506,0,0,0,0.727935634775895
365,Lachnospira,Boys,26,22,0.693960521715997,0,0,0,0.933542130403662
366,Lachnospira,Father,27,22,0.0304817062389005,0,0,0,0.727935634775895
367,Lachnospira,Girls,18,27,0.78880285786073,0,0,0,0.953761457581019
368,Lachnospira,Mother,21,27,0.486943203010524,0,0,0,0.753761396440948
369,Lachnospiraceae AC2044 group,Boys,26,22,0.474600834866318,0,0,0,0.742796320497147
370,Lachnospiraceae AC2044 group,Father,27,22,0.964391084256509,0,0,0,0.971267313021261
371,Lachnospiraceae AC2044 group,Girls,18,27,0.0855806605801692,0,0,0,0.727935634775895
372,Lachnospiraceae AC2044 group,Mother,21,27,0.652031406181893,0,0,0,0.921027394217677
373,Lachnospiraceae FCS020 group,Boys,26,22,0.7401186237599,0,0,0,0.950258996376821
374,Lachnospiraceae FCS020 group,Father,27,22,0.663333816905753,0,0,0,0.923112331408252
375,Lachnospiraceae FCS020 group,Girls,18,27,0.440626525828949,0,0,0,0.727935634775895
376,Lachnospiraceae FCS020 group,Mother,21,27,0.45642252545816,0,0,0,0.738058632348831
377,Lachnospiraceae NC2004 group,Boys,26,22,NA,0,0,0,NA
378,Lachnospiraceae NC2004 group,Father,27,22,NA,0,0,0,NA
379,Lachnospiraceae NC2004 group,Girls,18,27,NA,0,0,0,NA
380,Lachnospiraceae NC2004 group,Mother,21,27,0.400952653641918,0,0,0,0.727935634775895
381,Lachnospiraceae ND3007 group,Boys,26,22,0.639457829154124,0,0,0,0.91005963091204
382,Lachnospiraceae ND3007 group,Father,27,22,0.49102782308383,0,0,0,0.757417660332488
383,Lachnospiraceae ND3007 group,Girls,18,27,0.440626525828949,0,0,0,0.727935634775895
384,Lachnospiraceae ND3007 group,Mother,21,27,0.951329830414029,0,0,0,0.964296218567218
385,Lachnospiraceae NK3A20 group,Boys,26,22,0.295883176810049,0,0,0,0.727935634775895
386,Lachnospiraceae NK3A20 group,Father,27,22,NA,0,0,0,NA
387,Lachnospiraceae NK3A20 group,Girls,18,27,0.166246718787748,0,0,0,0.727935634775895
388,Lachnospiraceae NK3A20 group,Mother,21,27,NA,0,0,0,NA
389,Lachnospiraceae NK4A136 group,Boys,26,22,0.659998280549397,0,0,0,0.923017397302993
390,Lachnospiraceae NK4A136 group,Father,27,22,0.328948454496574,0.00569037656903766,0.00985080062942517,0.00416042406038751,0.727935634775895
391,Lachnospiraceae NK4A136 group,Girls,18,27,0.514780101368672,0,0,0,0.774506841665307
392,Lachnospiraceae NK4A136 group,Mother,21,27,0.248913062996958,0.00731025585895506,0.0144268260982584,0.00711657023930332,0.727935634775895
393,Lachnospiraceae NK4B4 group,Boys,26,22,NA,0,0,0,NA
394,Lachnospiraceae NK4B4 group,Father,27,22,0.286065355539128,0,0,0,0.727935634775895
395,Lachnospiraceae NK4B4 group,Girls,18,27,0.440626525828949,0,0,0,0.727935634775895
396,Lachnospiraceae NK4B4 group,Mother,21,27,0.691938574762524,0,0,0,0.933542130403662
397,Lachnospiraceae UCG-003,Boys,26,22,0.904868173808675,0,0,0,0.957065428392757
398,Lachnospiraceae UCG-003,Father,27,22,0.286065355539128,0,0,0,0.727935634775895
399,Lachnospiraceae UCG-003,Girls,18,27,0.139348832962554,0,0,0,0.727935634775895
400,Lachnospiraceae UCG-003,Mother,21,27,0.400952653641918,0,0,0,0.727935634775895
401,Lachnospiraceae UCG-004,Boys,26,22,0.127557904218312,0,0,0,0.727935634775895
402,Lachnospiraceae UCG-004,Father,27,22,0.789110790400757,0,0,0,0.953761457581019
403,Lachnospiraceae UCG-004,Girls,18,27,0.440626525828949,0,0,0,0.727935634775895
404,Lachnospiraceae UCG-004,Mother,21,27,0.242620935174696,0,0,0,0.727935634775895
405,Lachnospiraceae UCG-007,Boys,26,22,NA,0,0,0,NA
406,Lachnospiraceae UCG-007,Father,27,22,NA,0,0,0,NA
407,Lachnospiraceae UCG-007,Girls,18,27,NA,0,0,0,NA
408,Lachnospiraceae UCG-007,Mother,21,27,0.218544493804991,0,0,0,0.727935634775895
409,Lachnospiraceae UCG-010,Boys,26,22,0.261761828606538,0,0,0,0.727935634775895
410,Lachnospiraceae UCG-010,Father,27,22,0.719492535860054,0,0,0,0.942931270733537
411,Lachnospiraceae UCG-010,Girls,18,27,0.78880285786073,0,0,0,0.953761457581019
412,Lachnospiraceae UCG-010,Mother,21,27,0.238938076500049,0,0,0,0.727935634775895
413,Lacticaseibacillus,Boys,26,22,0.379914354663879,0,0,0,0.727935634775895
414,Lacticaseibacillus,Father,27,22,NA,0,0,0,NA
415,Lacticaseibacillus,Girls,18,27,NA,0,0,0,NA
416,Lacticaseibacillus,Mother,21,27,NA,0,0,0,NA
417,Lactiplantibacillus,Boys,26,22,NA,0,0,0,NA
418,Lactiplantibacillus,Father,27,22,NA,0,0,0,NA
419,Lactiplantibacillus,Girls,18,27,0.348486402259451,0,0,0,0.727935634775895
420,Lactiplantibacillus,Mother,21,27,NA,0,0,0,NA
421,Lactobacillus,Boys,26,22,0.198870863188928,0,0,0,0.727935634775895
422,Lactobacillus,Father,27,22,0.437634852538574,0,0,0,0.727935634775895
423,Lactobacillus,Girls,18,27,0.368232058308263,0,0,0,0.727935634775895
424,Lactobacillus,Mother,21,27,0.691938574762524,0,0,0,0.933542130403662
425,Lancefieldella,Boys,26,22,0.379914354663879,0,0,0,0.727935634775895
426,Lancefieldella,Father,27,22,NA,0,0,0,NA
427,Lancefieldella,Girls,18,27,NA,0,0,0,NA
428,Lancefieldella,Mother,21,27,NA,0,0,0,NA
429,Lawsonella,Boys,26,22,0.198870863188928,0,0,0,0.727935634775895
430,Lawsonella,Father,27,22,NA,0,0,0,NA
431,Lawsonella,Girls,18,27,NA,0,0,0,NA
432,Lawsonella,Mother,21,27,NA,0,0,0,NA
433,Lelliottia,Boys,26,22,0.295883176810049,0,0,0,0.727935634775895
434,Lelliottia,Father,27,22,NA,0,0,0,NA
435,Lelliottia,Girls,18,27,0.440626525828949,0,0,0,0.727935634775895
436,Lelliottia,Mother,21,27,0.274878215393291,0,0,0,0.727935634775895
437,Lentilactobacillus,Boys,26,22,NA,0,0,0,NA
438,Lentilactobacillus,Father,27,22,NA,0,0,0,NA
439,Lentilactobacillus,Girls,18,27,0.770334713642339,0,0,0,0.953761457581019
440,Lentilactobacillus,Mother,21,27,NA,0,0,0,NA
441,Leptotrichia,Boys,26,22,NA,0,0,0,NA
442,Leptotrichia,Father,27,22,0.286065355539128,0,0,0,0.727935634775895
443,Leptotrichia,Girls,18,27,NA,0,0,0,NA
444,Leptotrichia,Mother,21,27,NA,0,0,0,NA
445,Levilactobacillus,Boys,26,22,0.379914354663879,0,0,0,0.727935634775895
446,Levilactobacillus,Father,27,22,NA,0,0,0,NA
447,Levilactobacillus,Girls,18,27,NA,0,0,0,NA
448,Levilactobacillus,Mother,21,27,NA,0,0,0,NA
449,Leyella,Boys,26,22,0.675109640049026,0,0,0,0.926965073752709
450,Leyella,Father,27,22,0.874404865899983,0.000135336310732169,0.000710377076174074,0.000575040765441905,0.957065428392757
451,Leyella,Girls,18,27,0.350263905287586,0,0,0,0.727935634775895
452,Leyella,Mother,21,27,0.756829599872272,0,0,0,0.953761457581019
453,Ligilactobacillus,Boys,26,22,0.175523530839032,0,0,0,0.727935634775895
454,Ligilactobacillus,Father,27,22,0.0824992533208552,0,0,0,0.727935634775895
455,Ligilactobacillus,Girls,18,27,0.63291409879797,0,0,0,0.903021378335488
456,Ligilactobacillus,Mother,21,27,0.100273977327402,0,0,0,0.727935634775895
457,Limosilactobacillus,Boys,26,22,0.474600834866318,0,0,0,0.742796320497147
458,Limosilactobacillus,Father,27,22,0.540434854085638,0,0,0,0.795171074370795
459,Limosilactobacillus,Girls,18,27,0.758703486916185,0,0,0,0.953761457581019
460,Limosilactobacillus,Mother,21,27,0.766337309764579,0,0,0,0.953761457581019
461,Marvinbryantia,Boys,26,22,NA,0,0,0,NA
462,Marvinbryantia,Father,27,22,0.839142434614342,0,0,0,0.957065428392757
463,Marvinbryantia,Girls,18,27,NA,0,0,0,NA
464,Marvinbryantia,Mother,21,27,0.412381598504501,0,0,0,0.727935634775895
465,Massiliomicrobiota,Boys,26,22,0.379914354663879,0,0,0,0.727935634775895
466,Massiliomicrobiota,Father,27,22,NA,0,0,0,NA
467,Massiliomicrobiota,Girls,18,27,0.238245323131779,0,0,0,0.727935634775895
468,Massiliomicrobiota,Mother,21,27,0.857105735799046,0,0,0,0.957065428392757
469,Massiliprevotella,Boys,26,22,NA,0,0,0,NA
470,Massiliprevotella,Father,27,22,0.11595733678634,0,0,0,0.727935634775895
471,Massiliprevotella,Girls,18,27,0.440626525828949,0,0,0,0.727935634775895
472,Massiliprevotella,Mother,21,27,0.857105735799046,0,0,0,0.957065428392757
473,Mediterraneibacter,Boys,26,22,0.846201735397019,0,0,0,0.957065428392757
474,Mediterraneibacter,Father,27,22,0.574353133659534,0,0,0,0.831610970293221
475,Mediterraneibacter,Girls,18,27,0.652054792366497,0,0,0,0.921027394217677
476,Mediterraneibacter,Mother,21,27,0.00438913389958904,0.00381086803105152,0,-0.00381086803105152,0.694245230293365
477,Megamonas,Boys,26,22,NA,0,0,0,NA
478,Megamonas,Father,27,22,0.655241148551058,0,0,0,0.923017397302993
479,Megamonas,Girls,18,27,NA,0,0,0,NA
480,Megamonas,Mother,21,27,0.0415371221753647,0,0,0,0.727935634775895
481,Megasphaera,Boys,26,22,0.95234918577081,0,0,0,0.964296218567218
482,Megasphaera,Father,27,22,0.236193256780808,0,0,0,0.727935634775895
483,Megasphaera,Girls,18,27,NA,0,0,0,NA
484,Megasphaera,Mother,21,27,0.272443153505713,0,0,0,0.727935634775895
485,Methanobrevibacter,Boys,26,22,0.474600834866318,0,0,0,0.742796320497147
486,Methanobrevibacter,Father,27,22,0.120274857584525,0,0,0,0.727935634775895
487,Methanobrevibacter,Girls,18,27,0.0855806605801692,0,0,0,0.727935634775895
488,Methanobrevibacter,Mother,21,27,0.844630628179328,0,0,0,0.957065428392757
489,Methanosphaera,Boys,26,22,NA,0,0,0,NA
490,Methanosphaera,Father,27,22,NA,0,0,0,NA
491,Methanosphaera,Girls,18,27,0.440626525828949,0,0,0,0.727935634775895
492,Methanosphaera,Mother,21,27,0.400952653641918,0,0,0,0.727935634775895
493,Mitsuokella,Boys,26,22,0.904868173808675,0,0,0,0.957065428392757
494,Mitsuokella,Father,27,22,0.368588528775792,0,0,0,0.727935634775895
495,Mitsuokella,Girls,18,27,NA,0,0,0,NA
496,Mitsuokella,Mother,21,27,0.66559659554352,0,0,0,0.923985445901938
497,Mixta,Boys,26,22,NA,0,0,0,NA
498,Mixta,Father,27,22,0.388885411807765,0,0,0,0.727935634775895
499,Mixta,Girls,18,27,0.440626525828949,0,0,0,0.727935634775895
500,Mixta,Mother,21,27,NA,0,0,0,NA
501,Mogibacterium,Boys,26,22,NA,0,0,0,NA
502,Mogibacterium,Father,27,22,0.388885411807765,0,0,0,0.727935634775895
503,Mogibacterium,Girls,18,27,0.256245051570164,0,0,0,0.727935634775895
504,Mogibacterium,Mother,21,27,NA,0,0,0,NA
505,Monoglobus,Boys,26,22,0.160495159858482,0,0.000570457950986778,0.000570457950986778,0.727935634775895
506,Monoglobus,Father,27,22,0.939784099174293,0,0.000519455987910842,0.000519455987910842,0.964296218567218
507,Monoglobus,Girls,18,27,0.909884886405181,0,0,0,0.957065428392757
508,Monoglobus,Mother,21,27,0.2528191818558,0.00398867730313947,0.00141325130933577,-0.0025754259938037,0.727935634775895
509,Moryella,Boys,26,22,0.474600834866318,0,0,0,0.742796320497147
510,Moryella,Father,27,22,0.286065355539128,0,0,0,0.727935634775895
511,Moryella,Girls,18,27,NA,0,0,0,NA
512,Moryella,Mother,21,27,NA,0,0,0,NA
513,Murdochiella,Boys,26,22,0.198870863188928,0,0,0,0.727935634775895
514,Murdochiella,Father,27,22,NA,0,0,0,NA
515,Murdochiella,Girls,18,27,NA,0,0,0,NA
516,Murdochiella,Mother,21,27,NA,0,0,0,NA
517,NK4A214 group,Boys,26,22,0.243192132904282,0,0.000867233942779793,0.000867233942779793,0.727935634775895
518,NK4A214 group,Father,27,22,0.492420259423448,0,0.00124484800809147,0.00124484800809147,0.757417660332488
519,NK4A214 group,Girls,18,27,0.940678878458699,0,0,0,0.964296218567218
520,NK4A214 group,Mother,21,27,0.450152743089994,0,0.00332815620146439,0.00332815620146439,0.738058632348831
521,Negativicoccus,Boys,26,22,0.379914354663879,0,0,0,0.727935634775895
522,Negativicoccus,Father,27,22,NA,0,0,0,NA
523,Negativicoccus,Girls,18,27,NA,0,0,0,NA
524,Negativicoccus,Mother,21,27,NA,0,0,0,NA
525,Neisseria,Boys,26,22,NA,0,0,0,NA
526,Neisseria,Father,27,22,0.388885411807765,0,0,0,0.727935634775895
527,Neisseria,Girls,18,27,NA,0,0,0,NA
528,Neisseria,Mother,21,27,NA,0,0,0,NA
529,Odoribacter,Boys,26,22,NA,0,0,0,NA
530,Odoribacter,Father,27,22,0.235602017959765,0,0,0,0.727935634775895
531,Odoribacter,Girls,18,27,0.526392186783345,0,0,0,0.778589318980843
532,Odoribacter,Mother,21,27,0.298117088040369,0,0,0,0.727935634775895
533,Olsenella,Boys,26,22,0.127557904218312,0,0,0,0.727935634775895
534,Olsenella,Father,27,22,0.11595733678634,0,0,0,0.727935634775895
535,Olsenella,Girls,18,27,0.256245051570164,0,0,0,0.727935634775895
536,Olsenella,Mother,21,27,0.400952653641918,0,0,0,0.727935634775895
537,Oribacterium,Boys,26,22,0.675109640049026,0,0,0,0.926965073752709
538,Oribacterium,Father,27,22,0.882225551340143,0,0,0,0.957065428392757
539,Oribacterium,Girls,18,27,0.256245051570164,0,0,0,0.727935634775895
540,Oribacterium,Mother,21,27,0.400952653641918,0,0,0,0.727935634775895
541,Oscillibacter,Boys,26,22,NA,0,0,0,NA
542,Oscillibacter,Father,27,22,0.783214072680535,0,0,0,0.953761457581019
543,Oscillibacter,Girls,18,27,NA,0,0,0,NA
544,Oscillibacter,Mother,21,27,0.193400438456679,0,0,0,0.727935634775895
545,Oxalobacter,Boys,26,22,NA,0,0,0,NA
546,Oxalobacter,Father,27,22,0.9299237214705,0,0,0,0.960524502067335
547,Oxalobacter,Girls,18,27,NA,0,0,0,NA
548,Oxalobacter,Mother,21,27,NA,0,0,0,NA
549,Paludicola,Boys,26,22,0.379914354663879,0,0,0,0.727935634775895
550,Paludicola,Father,27,22,0.515424022063992,0,0,0,0.774506841665307
551,Paludicola,Girls,18,27,0.440626525828949,0,0,0,0.727935634775895
552,Paludicola,Mother,21,27,0.461123357909978,0,0,0,0.738058632348831
553,Parabacteroides,Boys,26,22,0.914069169821161,0,0,0,0.957065428392757
554,Parabacteroides,Father,27,22,0.65908001043247,0,0,0,0.923017397302993
555,Parabacteroides,Girls,18,27,0.328799118822585,0,0,0,0.727935634775895
556,Parabacteroides,Mother,21,27,0.323943138303108,0,0,0,0.727935634775895
557,Paracoccus,Boys,26,22,0.295883176810049,0,0,0,0.727935634775895
558,Paracoccus,Father,27,22,NA,0,0,0,NA
559,Paracoccus,Girls,18,27,0.440626525828949,0,0,0,0.727935634775895
560,Paracoccus,Mother,21,27,NA,0,0,0,NA
561,Paraprevotella,Boys,26,22,0.295883176810049,0,0,0,0.727935634775895
562,Paraprevotella,Father,27,22,0.220834898781031,0,0,0,0.727935634775895
563,Paraprevotella,Girls,18,27,0.820375382594369,0,0,0,0.955695033331585
564,Paraprevotella,Mother,21,27,0.744788149324715,0,0,0,0.950258996376821
565,Parasutterella,Boys,26,22,NA,0,0,0,NA
566,Parasutterella,Father,27,22,NA,0,0,0,NA
567,Parasutterella,Girls,18,27,NA,0,0,0,NA
568,Parasutterella,Mother,21,27,0.218544493804991,0,0,0,0.727935634775895
569,Parolsenella,Boys,26,22,0.249604293080993,0,0,0,0.727935634775895
570,Parolsenella,Father,27,22,0.458849497007928,0,0,0,0.738058632348831
571,Parolsenella,Girls,18,27,0.0321192075931707,0,0,0,0.727935634775895
572,Parolsenella,Mother,21,27,0.218544493804991,0,0,0,0.727935634775895
573,Parvimonas,Boys,26,22,NA,0,0,0,NA
574,Parvimonas,Father,27,22,NA,0,0,0,NA
575,Parvimonas,Girls,18,27,0.440626525828949,0,0,0,0.727935634775895
576,Parvimonas,Mother,21,27,NA,0,0,0,NA
577,Pediococcus,Boys,26,22,0.379914354663879,0,0,0,0.727935634775895
578,Pediococcus,Father,27,22,NA,0,0,0,NA
579,Pediococcus,Girls,18,27,0.238245323131779,0,0,0,0.727935634775895
580,Pediococcus,Mother,21,27,NA,0,0,0,NA
581,Peptoniphilus,Boys,26,22,0.198870863188928,0,0,0,0.727935634775895
582,Peptoniphilus,Father,27,22,NA,0,0,0,NA
583,Peptoniphilus,Girls,18,27,0.189008152037817,0,0,0,0.727935634775895
584,Peptoniphilus,Mother,21,27,NA,0,0,0,NA
585,Phascolarctobacterium,Boys,26,22,NA,0,0,0,NA
586,Phascolarctobacterium,Father,27,22,0.120274857584525,0,0,0,0.727935634775895
587,Phascolarctobacterium,Girls,18,27,NA,0,0,0,NA
588,Phascolarctobacterium,Mother,21,27,0.111716075974836,0,0,0,0.727935634775895
589,Prevotellaceae NK3B31 group,Boys,26,22,NA,0,0,0,NA
590,Prevotellaceae NK3B31 group,Father,27,22,0.883473001528918,0,0,0,0.957065428392757
591,Prevotellaceae NK3B31 group,Girls,18,27,NA,0,0,0,NA
592,Prevotellaceae NK3B31 group,Mother,21,27,0.745070328132623,0,0,0,0.950258996376821
593,Prevotellaceae UCG-003,Boys,26,22,NA,0,0,0,NA
594,Prevotellaceae UCG-003,Father,27,22,0.286065355539128,0,0,0,0.727935634775895
595,Prevotellaceae UCG-003,Girls,18,27,NA,0,0,0,NA
596,Prevotellaceae UCG-003,Mother,21,27,0.274878215393291,0,0,0,0.727935634775895
597,Pseudocitrobacter,Boys,26,22,0.379914354663879,0,0,0,0.727935634775895
598,Pseudocitrobacter,Father,27,22,NA,0,0,0,NA
599,Pseudocitrobacter,Girls,18,27,NA,0,0,0,NA
600,Pseudocitrobacter,Mother,21,27,NA,0,0,0,NA
601,Pseudomonas,Boys,26,22,NA,0,0,0,NA
602,Pseudomonas,Father,27,22,NA,0,0,0,NA
603,Pseudomonas,Girls,18,27,0.238245323131779,0,0,0,0.727935634775895
604,Pseudomonas,Mother,21,27,NA,0,0,0,NA
605,Ralstonia,Boys,26,22,0.218986587457236,0,0,0,0.727935634775895
606,Ralstonia,Father,27,22,NA,0,0,0,NA
607,Ralstonia,Girls,18,27,0.557475512451171,0,0,0,0.811787795193071
608,Ralstonia,Mother,21,27,NA,0,0,0,NA
609,Raoultibacter,Boys,26,22,NA,0,0,0,NA
610,Raoultibacter,Father,27,22,NA,0,0,0,NA
611,Raoultibacter,Girls,18,27,NA,0,0,0,NA
612,Raoultibacter,Mother,21,27,NA,0,0,0,NA
613,Rikenellaceae RC9 gut group,Boys,26,22,0.95234918577081,0,0,0,0.964296218567218
614,Rikenellaceae RC9 gut group,Father,27,22,0.947330848363533,0,0,0,0.964296218567218
615,Rikenellaceae RC9 gut group,Girls,18,27,1,0,0,0,1
616,Rikenellaceae RC9 gut group,Mother,21,27,0.745070328132623,0,0,0,0.950258996376821
617,Romboutsia,Boys,26,22,0.771848157126189,0.0488246729926578,0.0427852442132005,-0.00603942877945734,0.953761457581019
618,Romboutsia,Father,27,22,0.75481776667121,0.00200346052272106,0.00339155343474701,0.00138809291202595,0.953761457581019
619,Romboutsia,Girls,18,27,0.65082465015194,0.0202656522664278,0.0160802118804389,-0.00418544038598895,0.921027394217677
620,Romboutsia,Mother,21,27,0.34810046063818,0.0101160368937816,0.00598958333333333,-0.00412645356044828,0.727935634775895
621,Roseburia,Boys,26,22,0.679227505369242,0.000569852941176471,0.00610911210808019,0.00553925916690372,0.926965073752709
622,Roseburia,Father,27,22,0.287393533699174,0.0161710037174721,0.00708477435327098,-0.00908622936420114,0.727935634775895
623,Roseburia,Girls,18,27,0.791706413461058,0,0,0,0.953761457581019
624,Roseburia,Mother,21,27,0.900538454233058,0.0213126323218066,0.0176201104193586,-0.00369252190244801,0.957065428392757
625,Rothia,Boys,26,22,0.904868173808675,0,0,0,0.957065428392757
626,Rothia,Father,27,22,0.915724868358946,0,0,0,0.957065428392757
627,Rothia,Girls,18,27,0.348486402259451,0,0,0,0.727935634775895
628,Rothia,Mother,21,27,0.766337309764579,0,0,0,0.953761457581019
629,Ruminococcus,Boys,26,22,0.365196231925194,0.0122653152645835,0.0210189346926986,0.0087536194281151,0.727935634775895
630,Ruminococcus,Father,27,22,0.967863571170755,0.0119729307652264,0.0209813737454298,0.00900844298020338,0.97303010268946
631,Ruminococcus,Girls,18,27,0.699549045975337,0.00968598260772394,0.011988011988012,0.00230202938028805,0.936119747381791
632,Ruminococcus,Mother,21,27,0.677498611125641,0.0394371091035441,0.0241319444444444,-0.0153051646590997,0.926965073752709
633,Rummeliibacillus,Boys,26,22,0.379914354663879,0,0,0,0.727935634775895
634,Rummeliibacillus,Father,27,22,NA,0,0,0,NA
635,Rummeliibacillus,Girls,18,27,NA,0,0,0,NA
636,Rummeliibacillus,Mother,21,27,NA,0,0,0,NA
637,Ruthenibacterium,Boys,26,22,0.379914354663879,0,0,0,0.727935634775895
638,Ruthenibacterium,Father,27,22,NA,0,0,0,NA
639,Ruthenibacterium,Girls,18,27,NA,0,0,0,NA
640,Ruthenibacterium,Mother,21,27,0.111716075974836,0,0,0,0.727935634775895
641,S5-A14a,Boys,26,22,0.379914354663879,0,0,0,0.727935634775895
642,S5-A14a,Father,27,22,NA,0,0,0,NA
643,S5-A14a,Girls,18,27,NA,0,0,0,NA
644,S5-A14a,Mother,21,27,NA,0,0,0,NA
645,Sarcina,Boys,26,22,0.121514941450478,0,0,0,0.727935634775895
646,Sarcina,Father,27,22,0.663333816905753,0,0,0,0.923112331408252
647,Sarcina,Girls,18,27,0.356987403738294,0,0,0,0.727935634775895
648,Sarcina,Mother,21,27,0.399799431632899,0,0,0,0.727935634775895
649,Schaalia,Boys,26,22,NA,0,0,0,NA
650,Schaalia,Father,27,22,0.286065355539128,0,0,0,0.727935634775895
651,Schaalia,Girls,18,27,0.440626525828949,0,0,0,0.727935634775895
652,Schaalia,Mother,21,27,0.400952653641918,0,0,0,0.727935634775895
653,Segatella,Boys,26,22,0.215301390857024,0.0050052982967794,0,-0.0050052982967794,0.727935634775895
654,Segatella,Father,27,22,0.289811559753108,0.119592875318066,0.0511913175374844,-0.0684015577805817,0.727935634775895
655,Segatella,Girls,18,27,0.438894788246763,0.0062134051900949,0.00202759785975781,-0.00418580733033708,0.727935634775895
656,Segatella,Mother,21,27,0.769743785135278,0.0483695652173913,0.0622623574144487,0.0138927921970574,0.953761457581019
657,Sellimonas,Boys,26,22,NA,0,0,0,NA
658,Sellimonas,Father,27,22,NA,0,0,0,NA
659,Sellimonas,Girls,18,27,NA,0,0,0,NA
660,Sellimonas,Mother,21,27,0.274878215393291,0,0,0,0.727935634775895
661,Senegalimassilia,Boys,26,22,0.477311815279846,0,0.00126600153737035,0.00126600153737035,0.744975623295891
662,Senegalimassilia,Father,27,22,0.956087537750172,0,0,0,0.966349658012249
663,Senegalimassilia,Girls,18,27,0.777343044544134,0,0,0,0.953761457581019
664,Senegalimassilia,Mother,21,27,0.447806338500929,0,0,0,0.737640178580248
665,Shewanella,Boys,26,22,0.379914354663879,0,0,0,0.727935634775895
666,Shewanella,Father,27,22,NA,0,0,0,NA
667,Shewanella,Girls,18,27,NA,0,0,0,NA
668,Shewanella,Mother,21,27,NA,0,0,0,NA
669,Shuttleworthia,Boys,26,22,NA,0,0,0,NA
670,Shuttleworthia,Father,27,22,NA,0,0,0,NA
671,Shuttleworthia,Girls,18,27,NA,0,0,0,NA
672,Shuttleworthia,Mother,21,27,0.728818634601426,0,0,0,0.944455340710564
673,Slackia,Boys,26,22,0.723540234548742,0,0,0,0.942931270733537
674,Slackia,Father,27,22,0.705577842456657,0,0,0,0.938003484677673
675,Slackia,Girls,18,27,0.00159748081352329,0,0,0,0.694245230293365
676,Slackia,Mother,21,27,0.366397908769663,0,0,0,0.727935634775895
677,Solobacterium,Boys,26,22,0.533358305161529,0,0,0,0.786807943645597
678,Solobacterium,Father,27,22,0.280738249775971,0,0,0,0.727935634775895
679,Solobacterium,Girls,18,27,0.601522429256634,0,0,0,0.862589270380706
680,Solobacterium,Mother,21,27,0.461123357909978,0,0,0,0.738058632348831
681,Sphingomonas,Boys,26,22,0.0604375129378504,0,0,0,0.727935634775895
682,Sphingomonas,Father,27,22,NA,0,0,0,NA
683,Sphingomonas,Girls,18,27,0.820375382594369,0,0,0,0.955695033331585
684,Sphingomonas,Mother,21,27,NA,0,0,0,NA
685,Staphylococcus,Boys,26,22,NA,0,0,0,NA
686,Staphylococcus,Father,27,22,NA,0,0,0,NA
687,Staphylococcus,Girls,18,27,0.440626525828949,0,0,0,0.727935634775895
688,Staphylococcus,Mother,21,27,NA,0,0,0,NA
689,Stenotrophomonas,Boys,26,22,0.233966129803134,0,0,0,0.727935634775895
690,Stenotrophomonas,Father,27,22,NA,0,0,0,NA
691,Stenotrophomonas,Girls,18,27,0.348486402259451,0,0,0,0.727935634775895
692,Stenotrophomonas,Mother,21,27,NA,0,0,0,NA
693,Streptococcus,Boys,26,22,0.8789330966801,0,0,0,0.957065428392757
694,Streptococcus,Father,27,22,0.396446650286821,0,0.00187206239501122,0.00187206239501122,0.727935634775895
695,Streptococcus,Girls,18,27,0.544544367359087,0,0,0,0.797066237196591
696,Streptococcus,Mother,21,27,0.873973660051934,0,0,0,0.957065428392757
697,Subdoligranulum,Boys,26,22,0.904868173808675,0,0,0,0.957065428392757
698,Subdoligranulum,Father,27,22,NA,0,0,0,NA
699,Subdoligranulum,Girls,18,27,NA,0,0,0,NA
700,Subdoligranulum,Mother,21,27,NA,0,0,0,NA
701,Succinivibrio,Boys,26,22,0.403390608264518,0,0,0,0.727935634775895
702,Succinivibrio,Father,27,22,0.493633563212951,0,0,0,0.757417660332488
703,Succinivibrio,Girls,18,27,0.915467170619359,0,0,0,0.957065428392757
704,Succinivibrio,Mother,21,27,0.713662484953984,0,0,0,0.938699501179731
705,Sutterella,Boys,26,22,NA,0,0,0,NA
706,Sutterella,Father,27,22,0.848935615176059,0,0,0,0.957065428392757
707,Sutterella,Girls,18,27,NA,0,0,0,NA
708,Sutterella,Mother,21,27,0.199144606646411,0,0,0,0.727935634775895
709,TM7x,Boys,26,22,0.121514941450478,0,0,0,0.727935634775895
710,TM7x,Father,27,22,0.388885411807765,0,0,0,0.727935634775895
711,TM7x,Girls,18,27,0.328799118822585,0,0,0,0.727935634775895
712,TM7x,Mother,21,27,0.218544493804991,0,0,0,0.727935634775895
713,Terrisporobacter,Boys,26,22,0.963647281429744,0,0,0,0.971267313021261
714,Terrisporobacter,Father,27,22,0.388885411807765,0,0,0,0.727935634775895
715,Terrisporobacter,Girls,18,27,0.393136445825306,0,0,0,0.727935634775895
716,Terrisporobacter,Mother,21,27,0.410107749720996,0,0,0,0.727935634775895
717,Thomasclavelia,Boys,26,22,NA,0,0,0,NA
718,Thomasclavelia,Father,27,22,0.20749448211803,0,0,0,0.727935634775895
719,Thomasclavelia,Girls,18,27,0.440626525828949,0,0,0,0.727935634775895
720,Thomasclavelia,Mother,21,27,0.400952653641918,0,0,0,0.727935634775895
721,Tractidigestivibacter,Boys,26,22,0.0377601736325154,0,0,0,0.727935634775895
722,Tractidigestivibacter,Father,27,22,0.868827875762261,0,0,0,0.957065428392757
723,Tractidigestivibacter,Girls,18,27,0.88137845769759,0,0,0,0.957065428392757
724,Tractidigestivibacter,Mother,21,27,0.859002733215488,0,0,0,0.957065428392757
725,Treponema,Boys,26,22,NA,0,0,0,NA
726,Treponema,Father,27,22,NA,0,0,0,NA
727,Treponema,Girls,18,27,0.238245323131779,0,0,0,0.727935634775895
728,Treponema,Mother,21,27,0.274878215393291,0,0,0,0.727935634775895
729,Turicibacter,Boys,26,22,0.261761828606538,0,0,0,0.727935634775895
730,Turicibacter,Father,27,22,0.483090362045393,0,0,0,0.749851798229799
731,Turicibacter,Girls,18,27,0.321861757680542,0,0,0,0.727935634775895
732,Turicibacter,Mother,21,27,0.904451644002747,0,0,0,0.957065428392757
733,Tyzzerella,Boys,26,22,0.904868173808675,0,0,0,0.957065428392757
734,Tyzzerella,Father,27,22,0.915724868358946,0,0,0,0.957065428392757
735,Tyzzerella,Girls,18,27,NA,0,0,0,NA
736,Tyzzerella,Mother,21,27,0.857105735799046,0,0,0,0.957065428392757
737,UCG-001,Boys,26,22,NA,0,0,0,NA
738,UCG-001,Father,27,22,NA,0,0,0,NA
739,UCG-001,Girls,18,27,NA,0,0,0,NA
740,UCG-001,Mother,21,27,0.218544493804991,0,0,0,0.727935634775895
741,UCG-002,Boys,26,22,0.206065355440604,0,0.00510141372183092,0.00510141372183092,0.727935634775895
742,UCG-002,Father,27,22,0.416813369145671,0.00209452691011748,0.00807527216747331,0.00598074525735583,0.727935634775895
743,UCG-002,Girls,18,27,0.262006123826669,0.00230168742994692,0,-0.00230168742994692,0.727935634775895
744,UCG-002,Mother,21,27,0.657603952154764,0.00530186420386523,0.011117136659436,0.00581527245557078,0.923017397302993
745,UCG-003,Boys,26,22,0.95234918577081,0,0,0,0.964296218567218
746,UCG-003,Father,27,22,0.108685245500331,0,0,0,0.727935634775895
747,UCG-003,Girls,18,27,0.238245323131779,0,0,0,0.727935634775895
748,UCG-003,Mother,21,27,0.873404500987717,0,0,0,0.957065428392757
749,UCG-004,Boys,26,22,0.379914354663879,0,0,0,0.727935634775895
750,UCG-004,Father,27,22,NA,0,0,0,NA
751,UCG-004,Girls,18,27,NA,0,0,0,NA
752,UCG-004,Mother,21,27,0.857105735799046,0,0,0,0.957065428392757
753,UCG-005,Boys,26,22,0.524570086604241,0,0.0025405654029263,0.0025405654029263,0.778589318980843
754,UCG-005,Father,27,22,0.521445895328812,0,0,0,0.777576976583541
755,UCG-005,Girls,18,27,0.151068706281205,0.00259643916913947,0,-0.00259643916913947,0.727935634775895
756,UCG-005,Mother,21,27,0.725427167355294,0,0,0,0.942931270733537
757,UCG-008,Boys,26,22,0.00543243940884501,0,0,0,0.694245230293365
758,UCG-008,Father,27,22,0.482719742690592,0,0,0,0.749851798229799
759,UCG-008,Girls,18,27,0.440626525828949,0,0,0,0.727935634775895
760,UCG-008,Mother,21,27,0.901427153240561,0,0,0,0.957065428392757
761,UCG-009,Boys,26,22,0.379914354663879,0,0,0,0.727935634775895
762,UCG-009,Father,27,22,0.286065355539128,0,0,0,0.727935634775895
763,UCG-009,Girls,18,27,0.440626525828949,0,0,0,0.727935634775895
764,UCG-009,Mother,21,27,0.857105735799046,0,0,0,0.957065428392757
765,Veillonella,Boys,26,22,NA,0,0,0,NA
766,Veillonella,Father,27,22,0.385543747335991,0,0,0,0.727935634775895
767,Veillonella,Girls,18,27,NA,0,0,0,NA
768,Veillonella,Mother,21,27,NA,0,0,0,NA
769,Victivallis,Boys,26,22,NA,0,0,0,NA
770,Victivallis,Father,27,22,0.388885411807765,0,0,0,0.727935634775895
771,Victivallis,Girls,18,27,NA,0,0,0,NA
772,Victivallis,Mother,21,27,0.400952653641918,0,0,0,0.727935634775895
773,Weissella,Boys,26,22,0.109019463151436,0,0,0,0.727935634775895
774,Weissella,Father,27,22,0.40914513229167,0,0,0,0.727935634775895
775,Weissella,Girls,18,27,0.388102388033114,0,0,0,0.727935634775895
776,Weissella,Mother,21,27,0.218544493804991,0,0,0,0.727935634775895
777,Z20,Boys,26,22,NA,0,0,0,NA
778,Z20,Father,27,22,NA,0,0,0,NA
779,Z20,Girls,18,27,NA,0,0,0,NA
780,Z20,Mother,21,27,0.274878215393291,0,0,0,0.727935634775895
781,Zag_111,Boys,26,22,0.766968277130986,0,0,0,0.953761457581019
782,Zag_111,Father,27,22,0.0263424037699797,0,0.000921441805104035,0.000921441805104035,0.727935634775895
783,Zag_111,Girls,18,27,0.80359026506041,0,0,0,0.953855298973846
784,Zag_111,Mother,21,27,0.798471133100351,0,0,0,0.953855298973846
785,[Bacteroides] pectinophilus group,Boys,26,22,0.295883176810049,0,0,0,0.727935634775895
786,[Bacteroides] pectinophilus group,Father,27,22,NA,0,0,0,NA
787,[Bacteroides] pectinophilus group,Girls,18,27,NA,0,0,0,NA
788,[Bacteroides] pectinophilus group,Mother,21,27,0.218544493804991,0,0,0,0.727935634775895
789,[Clostridium] innocuum group,Boys,26,22,NA,0,0,0,NA
790,[Clostridium] innocuum group,Father,27,22,0.286065355539128,0,0,0,0.727935634775895
791,[Clostridium] innocuum group,Girls,18,27,NA,0,0,0,NA
792,[Clostridium] innocuum group,Mother,21,27,0.218544493804991,0,0,0,0.727935634775895
793,[Eubacterium] brachy group,Boys,26,22,NA,0,0,0,NA
794,[Eubacterium] brachy group,Father,27,22,0.388885411807765,0,0,0,0.727935634775895
795,[Eubacterium] brachy group,Girls,18,27,NA,0,0,0,NA
796,[Eubacterium] brachy group,Mother,21,27,0.400952653641918,0,0,0,0.727935634775895
797,[Eubacterium] eligens group,Boys,26,22,0.692993449318855,0,0,0,0.933542130403662
798,[Eubacterium] eligens group,Father,27,22,0.237558944437492,0,0.00113934146063575,0.00113934146063575,0.727935634775895
799,[Eubacterium] eligens group,Girls,18,27,0.520193901583647,0,0,0,0.777576976583541
800,[Eubacterium] eligens group,Mother,21,27,0.346454258310245,0.0021678868434146,0,-0.0021678868434146,0.727935634775895
801,[Eubacterium] ruminantium group,Boys,26,22,0.372132067563469,0,0,0,0.727935634775895
802,[Eubacterium] ruminantium group,Father,27,22,0.372271310717981,0,0,0,0.727935634775895
803,[Eubacterium] ruminantium group,Girls,18,27,0.0483476159610082,0,0,0,0.727935634775895
804,[Eubacterium] ruminantium group,Mother,21,27,0.158151948764819,0,0,0,0.727935634775895
805,[Eubacterium] siraeum group,Boys,26,22,0.0298171525409738,0,0,0,0.727935634775895
806,[Eubacterium] siraeum group,Father,27,22,0.0227140766139124,0,0,0,0.727935634775895
807,[Eubacterium] siraeum group,Girls,18,27,0.32998510582109,0,0,0,0.727935634775895
808,[Eubacterium] siraeum group,Mother,21,27,0.742310085420803,0,0,0,0.950258996376821
809,[Eubacterium] sulci group,Boys,26,22,0.379914354663879,0,0,0,0.727935634775895
810,[Eubacterium] sulci group,Father,27,22,NA,0,0,0,NA
811,[Eubacterium] sulci group,Girls,18,27,NA,0,0,0,NA
812,[Eubacterium] sulci group,Mother,21,27,NA,0,0,0,NA
813,[Eubacterium] ventriosum group,Boys,26,22,0.494667463119802,0,0,0,0.757417660332488
814,[Eubacterium] ventriosum group,Father,27,22,0.803601986392125,0,0,0,0.953855298973846
815,[Eubacterium] ventriosum group,Girls,18,27,0.820375382594369,0,0,0,0.955695033331585
816,[Eubacterium] ventriosum group,Mother,21,27,0.591751611878772,0,0,0,0.850737050156504
817,[Eubacterium] xylanophilum group,Boys,26,22,0.948377492736449,0,0,0,0.964296218567218
818,[Eubacterium] xylanophilum group,Father,27,22,0.125330871516784,0,0,0,0.727935634775895
819,[Eubacterium] xylanophilum group,Girls,18,27,0.872314492340358,0,0,0,0.957065428392757
820,[Eubacterium] xylanophilum group,Mother,21,27,0.465996161042839,0,0,0,0.74165586194142
821,[Ruminococcus] gauvreauii group,Boys,26,22,0.675109640049026,0,0,0,0.926965073752709
822,[Ruminococcus] gauvreauii group,Father,27,22,0.786265439955541,0,0,0,0.953761457581019
823,[Ruminococcus] gauvreauii group,Girls,18,27,0.440626525828949,0,0,0,0.727935634775895
824,[Ruminococcus] gauvreauii group,Mother,21,27,0.81871316309938,0,0,0,0.955695033331585
825,[Ruminococcus] gnavus group,Boys,26,22,NA,0,0,0,NA
826,[Ruminococcus] gnavus group,Father,27,22,0.363713760140008,0,0,0,0.727935634775895
827,[Ruminococcus] gnavus group,Girls,18,27,NA,0,0,0,NA
828,[Ruminococcus] gnavus group,Mother,21,27,0.691938574762524,0,0,0,0.933542130403662
829,dgA-11 gut group,Boys,26,22,NA,0,0,0,NA
830,dgA-11 gut group,Father,27,22,NA,0,0,0,NA
831,dgA-11 gut group,Girls,18,27,NA,0,0,0,NA
832,dgA-11 gut group,Mother,21,27,0.274878215393291,0,0,0,0.727935634775895
