"","Family_status2","B12_category","Genus_mod","total_abundance","percent"
"1","Boys","B12_deficient","Gemmiger",2.9629013903732,12.2457292093265
"2","Boys","B12_deficient","Faecalibacterium",1.9464132160048,8.04456376782988
"3","Boys","B12_deficient","Segatella",0.700497782962548,2.89517099346071
"4","Boys","B12_deficient","Agathobacter",1.45106354008047,5.99727390020018
"5","Boys","B12_deficient","Romboutsia",2.66683572989285,11.0220840626461
"6","Boys","B12_deficient","Clostridium",1.7438920811617,7.20753996929513
"7","Boys","B12_deficient","Escherichia-Shigella",0.953460008598726,3.94066880361193
"8","Boys","B12_deficient","Bifidobacterium",0.946101289703615,3.91025507495735
"9","Boys","B12_deficient","Ruminococcus",0.494681505227861,2.04452830511493
"10","Boys","B12_deficient","Blautia",0.398231464519995,1.6458984065383
"11","Boys","B12_deficient","Other",9.93130749874666,41.0462875070191
"12","Boys","B12_sufficient","Gemmiger",4.35564804058376,22.3546901093823
"13","Boys","B12_sufficient","Faecalibacterium",1.51986433861098,7.80046872046992
"14","Boys","B12_sufficient","Segatella",0.342070437561727,1.75562363074872
"15","Boys","B12_sufficient","Agathobacter",1.47368600226816,7.56346554916406
"16","Boys","B12_sufficient","Romboutsia",2.25034434233337,11.5495443946665
"17","Boys","B12_sufficient","Clostridium",0.887845254259562,4.55672849117492
"18","Boys","B12_sufficient","Escherichia-Shigella",0.167405101629292,0.859180800373145
"19","Boys","B12_sufficient","Bifidobacterium",1.34464740587936,6.90119490480902
"20","Boys","B12_sufficient","Ruminococcus",0.473584227509132,2.43059782333537
"21","Boys","B12_sufficient","Blautia",0.290201731046081,1.48941551436098
"22","Boys","B12_sufficient","Other",6.3789725010361,32.7390900615151
"23","Boys",NA,"Gemmiger",0.428360195179654,47.538562520512
"24","Boys",NA,"Faecalibacterium",0.0134555670560402,1.4932720708894
"25","Boys",NA,"Segatella",0.00916752920301641,1.01739415818838
"26","Boys",NA,"Agathobacter",0.00621026171817241,0.689202494256646
"27","Boys",NA,"Romboutsia",0.0198136921484548,2.19888414834263
"28","Boys",NA,"Clostridium",0,0
"29","Boys",NA,"Escherichia-Shigella",0,0
"30","Boys",NA,"Bifidobacterium",0.0242495933757208,2.69117164424024
"31","Boys",NA,"Ruminococcus",0.0010350436196954,0.114867082376108
"32","Boys",NA,"Blautia",0.0340085760757061,3.77420413521497
"33","Boys",NA,"Other",0.364778944255508,40.4824417459796
"34","Father","B12_deficient","Gemmiger",0.491528025627547,1.95259131848586
"35","Father","B12_deficient","Faecalibacterium",2.75175371512867,10.9313205649089
"36","Father","B12_deficient","Segatella",4.03452015322763,16.0271004189248
"37","Father","B12_deficient","Agathobacter",1.55014085071403,6.1579226610123
"38","Father","B12_deficient","Romboutsia",0.228163810013371,0.906378988371966
"39","Father","B12_deficient","Clostridium",0.259533649804624,1.03099543676367
"40","Father","B12_deficient","Escherichia-Shigella",0.540585995651338,2.14747372879949
"41","Father","B12_deficient","Bifidobacterium",0.967358071793533,3.84282253375019
"42","Father","B12_deficient","Ruminococcus",0.633720949798503,2.5174516210736
"43","Father","B12_deficient","Blautia",1.33081481745298,5.28665167312367
"44","Father","B12_deficient","Other",12.3849932986419,49.1992910547856
"45","Father","B12_sufficient","Gemmiger",0.332915467154385,1.65174051391457
"46","Father","B12_sufficient","Faecalibacterium",2.42160058441378,12.0146289025994
"47","Father","B12_sufficient","Segatella",2.06958499003529,10.268124230604
"48","Father","B12_sufficient","Agathobacter",2.0903225951508,10.3710126389547
"49","Father","B12_sufficient","Romboutsia",0.603943379918141,2.99642956588343
"50","Father","B12_sufficient","Clostridium",0.466044334079775,2.31225155881065
"51","Father","B12_sufficient","Escherichia-Shigella",1.29369328016599,6.41858313671642
"52","Father","B12_sufficient","Bifidobacterium",0.668344447161627,3.31595167404693
"53","Father","B12_sufficient","Ruminococcus",0.648388807590394,3.21694294176235
"54","Father","B12_sufficient","Blautia",0.585150371764129,2.90318916100938
"55","Father","B12_sufficient","Other",8.97544562275706,44.5311456756982
"56","Girls","B12_deficient","Gemmiger",2.34499638974532,14.1019088060168
"57","Girls","B12_deficient","Faecalibacterium",0.978621944639007,5.88505700017939
"58","Girls","B12_deficient","Segatella",0.207740126764298,1.24926943844833
"59","Girls","B12_deficient","Agathobacter",1.31071990767488,7.88216676541208
"60","Girls","B12_deficient","Romboutsia",0.583594738609118,3.50951490566294
"61","Girls","B12_deficient","Clostridium",1.53252031918388,9.2159893631418
"62","Girls","B12_deficient","Escherichia-Shigella",1.33405673065533,8.02250546739545
"63","Girls","B12_deficient","Bifidobacterium",0.347562939901938,2.09011020412724
"64","Girls","B12_deficient","Ruminococcus",0.678970201118688,4.08306635355567
"65","Girls","B12_deficient","Blautia",0.276422546953748,1.66229916861066
"66","Girls","B12_deficient","Other",7.03372306078098,42.2981125274496
"67","Girls","B12_sufficient","Gemmiger",3.25004680006796,13.080055030111
"68","Girls","B12_sufficient","Faecalibacterium",0.991050197767136,3.98855521838193
"69","Girls","B12_sufficient","Segatella",0.312741730313641,1.25865235006124
"70","Girls","B12_sufficient","Agathobacter",1.00391943829887,4.04034843389725
"71","Girls","B12_sufficient","Romboutsia",1.85683279661255,7.47296166962865
"72","Girls","B12_sufficient","Clostridium",1.27712290476297,5.13987610091201
"73","Girls","B12_sufficient","Escherichia-Shigella",2.4384121458844,9.81357100875965
"74","Girls","B12_sufficient","Bifidobacterium",0.837986286062778,3.37253812343573
"75","Girls","B12_sufficient","Ruminococcus",0.975018399161581,3.9240340527212
"76","Girls","B12_sufficient","Blautia",0.245450911806186,0.987835447030705
"77","Girls","B12_sufficient","Other",11.6587664515306,46.9215725650607
"78","Girls",NA,"Gemmiger",0,0
"79","Girls",NA,"Faecalibacterium",0.00639253628196268,0.639253628196268
"80","Girls",NA,"Segatella",0,0
"81","Girls",NA,"Agathobacter",0.0837940566689703,8.37940566689703
"82","Girls",NA,"Romboutsia",0.00224602626123013,0.224602626123013
"83","Girls",NA,"Clostridium",0.00846579129232896,0.846579129232896
"84","Girls",NA,"Escherichia-Shigella",0,0
"85","Girls",NA,"Bifidobacterium",0.0186592950932965,1.86592950932965
"86","Girls",NA,"Ruminococcus",0,0
"87","Girls",NA,"Blautia",0.00881133379405667,0.881133379405667
"88","Girls",NA,"Other",0.871630960608155,87.1630960608155
"89","Mother","B12_deficient","Gemmiger",0.427946951050352,2.22440278445007
"90","Mother","B12_deficient","Faecalibacterium",1.61719296558262,8.4059216377307
"91","Mother","B12_deficient","Segatella",2.4674460753516,12.8254072310161
"92","Mother","B12_deficient","Agathobacter",1.70033833838502,8.83809856602021
"93","Mother","B12_deficient","Romboutsia",0.85572985918,4.44795289889351
"94","Mother","B12_deficient","Clostridium",0.725424638768678,3.77064629722264
"95","Mother","B12_deficient","Escherichia-Shigella",0.00199282582702272,0.0103584037873698
"96","Mother","B12_deficient","Bifidobacterium",0.471857770781072,2.4526445079552
"97","Mother","B12_deficient","Ruminococcus",0.879507167184917,4.57154370846243
"98","Mother","B12_deficient","Blautia",0.789814966924652,4.10533737257733
"99","Mother","B12_deficient","Other",9.30148317201021,48.3476865918844
"100","Mother","B12_sufficient","Gemmiger",0.761275973027689,3.02293647861999
"101","Mother","B12_sufficient","Faecalibacterium",2.2082607023752,8.76874099278869
"102","Mother","B12_sufficient","Segatella",3.37947139804759,13.4194795705701
"103","Mother","B12_sufficient","Agathobacter",2.38865518493015,9.48506605909587
"104","Mother","B12_sufficient","Romboutsia",0.803358886735051,3.19004273112216
"105","Mother","B12_sufficient","Clostridium",0.459325672711359,1.82392769613304
"106","Mother","B12_sufficient","Escherichia-Shigella",0.00714558612075052,0.0283742738650072
"107","Mother","B12_sufficient","Bifidobacterium",1.03496011777467,4.10970371427195
"108","Mother","B12_sufficient","Ruminococcus",1.4247952785418,5.65769284027159
"109","Mother","B12_sufficient","Blautia",1.5499487677374,6.15466248245178
"110","Mother","B12_sufficient","Other",11.1661292538448,44.3393731608098
"111","Mother",NA,"Gemmiger",0.00579174368453481,0.592760751671081
"112","Mother",NA,"Faecalibacterium",0.104497843499692,10.6949173918527
"113","Mother",NA,"Segatella",0.0707332101047443,7.23924832891916
"114","Mother",NA,"Agathobacter",0.0396796056685151,4.06104174549124
"115","Mother",NA,"Romboutsia",0,0
"116","Mother",NA,"Clostridium",0,0
"117","Mother",NA,"Escherichia-Shigella",0,0
"118","Mother",NA,"Bifidobacterium",0,0
"119","Mother",NA,"Ruminococcus",0.0151571164510166,1.55126749905411
"120","Mother",NA,"Blautia",0.0574245224892175,5.87715979316433
"121","Mother",NA,"Other",0.683795440542206,69.9836044898474
