"","Family_status2","B12_category","Family_mod","total_abundance","percent"
"1","Boys","B12_deficient","Lachnospiraceae",3.78623429865802,15.1439379936489
"2","Boys","B12_deficient","Ruminococcaceae",5.70580969876485,22.8217330111561
"3","Boys","B12_deficient","Prevotellaceae",0.800671158673938,3.2024733346689
"4","Boys","B12_deficient","Peptostreptococcaceae",2.84011287244385,11.3597019736729
"5","Boys","B12_deficient","Enterobacteriaceae",1.09408249782344,4.37604125894881
"6","Boys","B12_deficient","Clostridiaceae",2.70662493331009,10.8257854450899
"7","Boys","B12_deficient","Bifidobacteriaceae",0.946101289703615,3.78415547924782
"8","Boys","B12_deficient","Lactobacillaceae",0.847740412659578,3.39073792886438
"9","Boys","B12_deficient","Oscillospiraceae",0.924654997365649,3.6983759696504
"10","Boys","B12_deficient","Bacteroidaceae",0.0615787029514867,0.246298560962581
"11","Boys","B12_deficient","Other",5.28803864417349,21.1507590440893
"12","Boys","B12_sufficient","Lachnospiraceae",3.59901291967767,17.8366407680002
"13","Boys","B12_sufficient","Ruminococcaceae",7.1330873798194,35.3514477441747
"14","Boys","B12_sufficient","Prevotellaceae",0.357191508028781,1.77023443824154
"15","Boys","B12_sufficient","Peptostreptococcaceae",2.32913819671908,11.5431653736956
"16","Boys","B12_sufficient","Enterobacteriaceae",0.692335824457081,3.43120340695087
"17","Boys","B12_sufficient","Clostridiaceae",0.894524909144059,4.43324873194943
"18","Boys","B12_sufficient","Bifidobacteriaceae",1.34464740587936,6.66404741343404
"19","Boys","B12_sufficient","Lactobacillaceae",0.216178934431329,1.07137875887537
"20","Boys","B12_sufficient","Oscillospiraceae",0.644982185472847,3.19651965713677
"21","Boys","B12_sufficient","Bacteroidaceae",0.0485088055544527,0.240408733747207
"22","Boys","B12_sufficient","Other",2.91803057079159,14.4617049737943
"23","Boys",NA,"Lachnospiraceae",0.123170190743753,12.5964010282776
"24","Boys",NA,"Ruminococcaceae",0.451574744935679,46.1817631937094
"25","Boys",NA,"Prevotellaceae",0.0102025728227118,1.04339936488734
"26","Boys",NA,"Peptostreptococcaceae",0.0198136921484548,2.02631181007107
"27","Boys",NA,"Enterobacteriaceae",0,0
"28","Boys",NA,"Clostridiaceae",0,0
"29","Boys",NA,"Bifidobacteriaceae",0.0242495933757208,2.47996370784818
"30","Boys",NA,"Lactobacillaceae",0.00724530533786781,0.740964766369273
"31","Boys",NA,"Oscillospiraceae",0.0455419192665977,4.65749281717829
"32","Boys",NA,"Bacteroidaceae",0.0028094041106018,0.287312868592167
"33","Boys",NA,"Other",0.293213071122283,29.9863904430667
"34","Father","B12_deficient","Lachnospiraceae",7.52690460700059,28.2370266312143
"35","Father","B12_deficient","Ruminococcaceae",3.99004923055749,14.9685869910347
"36","Father","B12_deficient","Prevotellaceae",4.94285307935264,18.5430108820627
"37","Father","B12_deficient","Peptostreptococcaceae",0.270962541697202,1.01651035923177
"38","Father","B12_deficient","Enterobacteriaceae",0.546696102266464,2.05091909687836
"39","Father","B12_deficient","Clostridiaceae",0.660964077784555,2.47959303872668
"40","Father","B12_deficient","Bifidobacteriaceae",0.967358071793533,3.62902375695698
"41","Father","B12_deficient","Lactobacillaceae",0.71193839354792,2.67082212782386
"42","Father","B12_deficient","Oscillospiraceae",0.833608845562583,3.12726630682602
"43","Father","B12_deficient","Bacteroidaceae",0.674569442443675,2.53063328226181
"44","Father","B12_deficient","Other",5.53024714018073,20.7466075269828
"45","Father","B12_sufficient","Lachnospiraceae",6.18824823786144,28.9368771371534
"46","Father","B12_sufficient","Ruminococcaceae",4.01246897371978,18.7627123615995
"47","Father","B12_sufficient","Prevotellaceae",2.56955202342777,12.0154861830735
"48","Father","B12_sufficient","Peptostreptococcaceae",0.634112711232374,2.96517542780082
"49","Father","B12_sufficient","Enterobacteriaceae",1.33285795544683,6.23257914284496
"50","Father","B12_sufficient","Clostridiaceae",0.46683823690607,2.18298300020115
"51","Father","B12_sufficient","Bifidobacteriaceae",0.668344447161627,3.12524650101921
"52","Father","B12_sufficient","Lactobacillaceae",0.260301901310559,1.21719812251652
"53","Father","B12_sufficient","Oscillospiraceae",0.89154506158863,4.16895523867052
"54","Father","B12_sufficient","Bacteroidaceae",0.431850253919654,2.01937563895144
"55","Father","B12_sufficient","Other",3.92921562436413,18.3734112461689
"56","Girls","B12_deficient","Lachnospiraceae",2.84090413099105,16.5413869849241
"57","Girls","B12_deficient","Ruminococcaceae",4.61565393734214,26.8750068448915
"58","Girls","B12_deficient","Prevotellaceae",0.242689602743618,1.41307923502482
"59","Girls","B12_deficient","Peptostreptococcaceae",1.44900726443944,8.43695837659177
"60","Girls","B12_deficient","Enterobacteriaceae",1.60758421070502,9.36028507616304
"61","Girls","B12_deficient","Clostridiaceae",1.64854335848903,9.59877292468883
"62","Girls","B12_deficient","Bifidobacteriaceae",0.347562939901938,2.02371246105031
"63","Girls","B12_deficient","Lactobacillaceae",1.57727864623683,9.18382855156711
"64","Girls","B12_deficient","Oscillospiraceae",0.402436443556889,2.34321773730141
"65","Girls","B12_deficient","Bacteroidaceae",0.246346166742753,1.43436986552692
"66","Girls","B12_deficient","Other",2.19651520309224,12.7893819422702
"67","Girls","B12_sufficient","Lachnospiraceae",2.6948229083456,10.4889464711458
"68","Girls","B12_sufficient","Ruminococcaceae",5.72120067052212,22.2683900296183
"69","Girls","B12_sufficient","Prevotellaceae",0.333188168632494,1.29685437020084
"70","Girls","B12_sufficient","Peptostreptococcaceae",2.18309602824788,8.49717334328314
"71","Girls","B12_sufficient","Enterobacteriaceae",4.40508542215729,17.1457297066687
"72","Girls","B12_sufficient","Clostridiaceae",1.70338875281171,6.63002878313905
"73","Girls","B12_sufficient","Bifidobacteriaceae",0.837986286062778,3.26165896499034
"74","Girls","B12_sufficient","Lactobacillaceae",1.85724979242449,7.22889567101336
"75","Girls","B12_sufficient","Oscillospiraceae",0.548804770280681,2.13608984870827
"76","Girls","B12_sufficient","Bacteroidaceae",1.10915959642042,4.31713549665262
"77","Girls","B12_sufficient","Other",4.29804411751824,16.7290973145796
"78","Girls",NA,"Lachnospiraceae",0.144436765722184,14.4436765722184
"79","Girls",NA,"Ruminococcaceae",0.00639253628196268,0.639253628196268
"80","Girls",NA,"Prevotellaceae",0,0
"81","Girls",NA,"Peptostreptococcaceae",0.00224602626123013,0.224602626123013
"82","Girls",NA,"Enterobacteriaceae",0.703524533517623,70.3524533517623
"83","Girls",NA,"Clostridiaceae",0.00846579129232896,0.846579129232896
"84","Girls",NA,"Bifidobacteriaceae",0.0186592950932965,1.86592950932965
"85","Girls",NA,"Lactobacillaceae",0,0
"86","Girls",NA,"Oscillospiraceae",0.00328265376641327,0.328265376641327
"87","Girls",NA,"Bacteroidaceae",0.00414651002073255,0.414651002073255
"88","Girls",NA,"Other",0.108845888044229,10.8845888044229
"89","Mother","B12_deficient","Lachnospiraceae",6.34511857621442,30.9233469582841
"90","Mother","B12_deficient","Ruminococcaceae",3.58730086335596,17.4829434483936
"91","Mother","B12_deficient","Prevotellaceae",2.80395738812149,13.665268210142
"92","Mother","B12_deficient","Peptostreptococcaceae",0.893972237908261,4.35683168909413
"93","Mother","B12_deficient","Enterobacteriaceae",0.295263395633447,1.43898531092567
"94","Mother","B12_deficient","Clostridiaceae",0.830238552554578,4.04622143942754
"95","Mother","B12_deficient","Bifidobacteriaceae",0.471857770781072,2.29962945302923
"96","Mother","B12_deficient","Lactobacillaceae",0.10138068384869,0.494085338810413
"97","Mother","B12_deficient","Oscillospiraceae",1.10664866515753,5.39332405258297
"98","Mother","B12_deficient","Bacteroidaceae",0.383228098229612,1.8676869948722
"99","Mother","B12_deficient","Other",3.69989475945199,18.0316771044382
"100","Mother","B12_sufficient","Lachnospiraceae",8.54957682687766,32.5556030945328
"101","Mother","B12_sufficient","Ruminococcaceae",5.13737104710785,19.5623966128003
"102","Mother","B12_sufficient","Prevotellaceae",3.68953769164545,14.0492479480291
"103","Mother","B12_sufficient","Peptostreptococcaceae",0.853103409513382,3.24849949431395
"104","Mother","B12_sufficient","Enterobacteriaceae",0.0491637339982908,0.187208682149251
"105","Mother","B12_sufficient","Clostridiaceae",0.463145117155804,1.76359238762485
"106","Mother","B12_sufficient","Bifidobacteriaceae",1.03496011777467,3.94098462359196
"107","Mother","B12_sufficient","Lactobacillaceae",0.837559856215672,3.18931179858518
"108","Mother","B12_sufficient","Oscillospiraceae",0.859908927374612,3.274413962694
"109","Mother","B12_sufficient","Bacteroidaceae",0.655680863403998,2.49674181282921
"110","Mother","B12_sufficient","Other",4.13145284648609,15.7319995828495
"111","Mother",NA,"Lachnospiraceae",0.255329636475662,25.6976311546571
"112","Mother",NA,"Ruminococcaceae",0.13875539125077,13.9650254247799
"113","Mother",NA,"Prevotellaceae",0.0817005545286506,8.22274587622473
"114","Mother",NA,"Peptostreptococcaceae",0,0
"115","Mother",NA,"Enterobacteriaceae",0,0
"116","Mother",NA,"Clostridiaceae",0,0
"117","Mother",NA,"Bifidobacteriaceae",0,0
"118","Mother",NA,"Lactobacillaceae",0,0
"119","Mother",NA,"Oscillospiraceae",0.0565619223659889,5.69267022200174
"120","Mother",NA,"Bacteroidaceae",0,0
"121","Mother",NA,"Other",0.46124460874923,46.4219273223366
