"","Genus","n_def","n_suff","p_value","median_def","median_suff","effect","p_adj"
"1","Acinetobacter",92,98,0.594866946538317,0,0,0,0.873398733494161
"2","Acutalibacter",92,98,0.455526410167993,0,0,0,0.786104540581359
"3","Adlercreutzia",92,98,0.12378255417251,0,0,0,0.692898468119481
"4","Agathobacter",92,98,0.880477481757099,0.0311677527624493,0.0289452357314653,-0.00222251703098397,0.994711544952127
"5","Agathobaculum",92,98,0.767978145722795,0.00341713994410963,0.00344965152476824,3.2511580658613e-05,0.969338269296455
"6","Akkermansia",92,98,0.0669365061707409,0,0,0,0.692898468119481
"7","Alistipes",92,98,0.0285694930303401,0,0,0,0.692898468119481
"8","Allisonella",92,98,0.976173544499024,0,0,0,0.994711544952127
"9","Anaerobutyricum",92,98,0.398823212033933,0.00333864271887896,0.00193862878923265,-0.00140001392964631,0.757398210009395
"10","Anaerococcus",92,98,0.721093827120553,0,0,0,0.956836039833041
"11","Anaeroplasma",92,98,0.171816226745719,0,0,0,0.692898468119481
"12","Anaerostipes",92,98,0.823400703998545,0,0,0,0.994711544952127
"13","Anaerovibrio",92,98,0.30698819156331,0,0,0,0.692898468119481
"14","Aquamonas",92,98,0.30698819156331,0,0,0,0.692898468119481
"15","Arcobacter",92,98,0.30698819156331,0,0,0,0.692898468119481
"16","Asaccharobacter",92,98,0.30698819156331,0,0,0,0.692898468119481
"17","Asaccharospora",92,98,0.337874848738497,0,0,0,0.692898468119481
"18","Asteroleplasma",92,98,0.749344204501091,0,0,0,0.968442819498436
"19","Bacillus",92,98,0.30698819156331,0,0,0,0.692898468119481
"20","Bacteroides",92,98,0.49519805731311,0,8.72752661895619e-05,8.72752661895619e-05,0.820047982910511
"21","Barnesiella",92,98,0.683495323047957,0,0,0,0.936977032257795
"22","Bifidobacterium",92,98,0.355730516740741,0.0156017916289669,0.0153484955928726,-0.000253296036094385,0.701297304431747
"23","Bilophila",92,98,0.171816226745719,0,0,0,0.692898468119481
"24","Blautia",92,98,0.994711544952127,0.0113160458044284,0.0145723711029198,0.00325632529849145,0.994711544952127
"25","Brachyspira",92,98,0.30698819156331,0,0,0,0.692898468119481
"26","Bradyrhizobium",92,98,0.953442159365611,0,0,0,0.994711544952127
"27","Butyribacter",92,98,0.229882159226977,0,0,0,0.692898468119481
"28","Butyricimonas",92,98,0.695900480014604,0,0,0,0.941512414137405
"29","Butyrivibrio",92,98,0.233053639053713,0,0,0,0.692898468119481
"30","CAG-196",92,98,0.961900069078287,0,0,0,0.994711544952127
"31","CAG-352",92,98,0.69030610082028,0,0,0,0.940087913617092
"32","CAG-56",92,98,0.225911046557415,0,0,0,0.692898468119481
"33","Caproiciproducens",92,98,0.976173544499024,0,0,0,0.994711544952127
"34","Catenibacterium",92,98,0.971798525243225,0,0,0,0.994711544952127
"35","Caulobacter",92,98,0.220409418777043,0,0,0,0.692898468119481
"36","Cetobacterium",92,98,0.166096808095969,0,0,0,0.692898468119481
"37","Christensenellaceae R-7 group",92,98,0.20414569868747,0.00281896524156645,0.00432319642891417,0.00150423118734772,0.692898468119481
"38","Chryseobacterium",92,98,0.337874848738497,0,0,0,0.692898468119481
"39","Clostridium",92,98,0.924768282138472,0.00724725448180939,0.00905387238507443,0.00180661790326504,0.994711544952127
"40","Colidextribacter",92,98,0.975451820554099,0,0,0,0.994711544952127
"41","Collinsella",92,98,0.167861423215917,0.000124386950031985,0.00172825008848686,0.00160386313845488,0.692898468119481
"42","Conservatibacter",92,98,0.976173544499024,0,0,0,0.994711544952127
"43","Coprobacter",92,98,0.337874848738497,0,0,0,0.692898468119481
"44","Coprococcus",92,98,0.295379642057102,0.00595797711541272,0.00883179132701122,0.0028738142115985,0.692898468119481
"45","Coriobacteriaceae UCG-003",92,98,0.339382092459755,0,0,0,0.692898468119481
"46","Corynebacterium",92,98,0.96426695651891,0,0,0,0.994711544952127
"47","Curvibacter",92,98,0.30698819156331,0,0,0,0.692898468119481
"48","Defluviitaleaceae UCG-011",92,98,0.145395228125301,0,0,0,0.692898468119481
"49","Desulfovibrio",92,98,0.30698819156331,0,0,0,0.692898468119481
"50","Dialister",92,98,0.513078644075868,0,0,0,0.842914915267497
"51","Dorea",92,98,0.787455815152052,0.0104716872026494,0.00856983369389435,-0.00190185350875502,0.981565705201586
"52","Dyadobacter",92,98,0.337874848738497,0,0,0,0.692898468119481
"53","Eggerthella",92,98,0.337874848738497,0,0,0,0.692898468119481
"54","Eisenbergiella",92,98,0.30698819156331,0,0,0,0.692898468119481
"55","Elusimicrobium",92,98,0.160262463580599,0,0,0,0.692898468119481
"56","Enhydrobacter",92,98,0.337874848738497,0,0,0,0.692898468119481
"57","Enterobacter",92,98,0.280127973272682,0,0,0,0.692898468119481
"58","Enterocloster",92,98,0.147317281189749,0,0,0,0.692898468119481
"59","Enterococcus",92,98,0.844588391495671,0,0,0,0.994711544952127
"60","Erysipelotrichaceae UCG-003",92,98,0.552146235992204,0,0,0,0.853198204233088
"61","Erysipelotrichaceae UCG-006",92,98,0.344775566262351,0,0,0,0.692898468119481
"62","Escherichia-Shigella",92,98,0.33947718874748,0,0,0,0.692898468119481
"63","Ezakiella",92,98,0.157447271408225,0,0,0,0.692898468119481
"64","FD2005",92,98,0.337874848738497,0,0,0,0.692898468119481
"65","Faecalibacterium",92,98,0.575507922409251,0.0559339537171669,0.0519677304416726,-0.00396622327549431,0.873398733494161
"66","Faecalimonas",92,98,0.942544812492853,0,0,0,0.994711544952127
"67","Family XIII AD3011 group",92,98,0.718083612510143,0,0,0,0.956836039833041
"68","Family XIII UCG-001",92,98,0.791891172795482,0,0,0,0.981565705201586
"69","Fastidiosipila",92,98,0.30698819156331,0,0,0,0.692898468119481
"70","Fenollaria",92,98,0.925783834346146,0,0,0,0.994711544952127
"71","Finegoldia",92,98,0.597252267826256,0,0,0,0.873398733494161
"72","Flavonifractor",92,98,0.197067934319321,0,0,0,0.692898468119481
"73","Fournierella",92,98,0.412591352992048,0,0,0,0.762557232762089
"74","Fusicatenibacter",92,98,0.321019994050961,0,0,0,0.692898468119481
"75","Fusobacterium",92,98,0.171816226745719,0,0,0,0.692898468119481
"76","GCA-900066575",92,98,0.30698819156331,0,0,0,0.692898468119481
"77","Gemella",92,98,0.976173544499024,0,0,0,0.994711544952127
"78","Gemmiger",92,98,0.195196415053991,0.0374687353799529,0.0491398608079258,0.0116711254279729,0.692898468119481
"79","Gordonibacter",92,98,0.283649801584912,0,0,0,0.692898468119481
"80","Granulicatella",92,98,0.337874848738497,0,0,0,0.692898468119481
"81","HT002",92,98,0.30698819156331,0,0,0,0.692898468119481
"82","Haemophilus",92,98,0.16990304500553,0,0,0,0.692898468119481
"83","Holdemanella",92,98,0.669467033710518,0,0,0,0.923864506520515
"84","Howardella",92,98,0.625293274229662,0,0,0,0.880515018813198
"85","Hungatella",92,98,0.961900069078287,0,0,0,0.994711544952127
"86","Intestinibacter",92,98,0.592193750618552,0,0,0,0.873398733494161
"87","Intestinimonas",92,98,0.0688354212939586,0,0,0,0.692898468119481
"88","Kineothrix",92,98,0.30698819156331,0,0,0,0.692898468119481
"89","Klebsiella",92,98,0.129627123189513,0,0,0,0.692898468119481
"90","Kocuria",92,98,0.337874848738497,0,0,0,0.692898468119481
"91","Lachnoclostridium",92,98,0.103753072976797,0,0,0,0.692898468119481
"92","Lachnospira",92,98,0.129020141069216,0,0,0,0.692898468119481
"93","Lachnospiraceae AC2044 group",92,98,0.552311881001129,0,0,0,0.853198204233088
"94","Lachnospiraceae FCS020 group",92,98,0.758891042223586,0,0,0,0.968442819498436
"95","Lachnospiraceae NC2004 group",92,98,0.337874848738497,0,0,0,0.692898468119481
"96","Lachnospiraceae ND3007 group",92,98,0.737535377983866,0,0,0,0.968104287516459
"97","Lachnospiraceae NK3A20 group",92,98,0.617218572630413,0,0,0,0.880515018813198
"98","Lachnospiraceae NK4A136 group",92,98,0.762590239508431,0.00528244494314938,0.00407187111147097,-0.00121057383167841,0.968442819498436
"99","Lachnospiraceae NK4B4 group",92,98,0.193782623629727,0,0,0,0.692898468119481
"100","Lachnospiraceae UCG-003",92,98,0.900383235235161,0,0,0,0.994711544952127
"101","Lachnospiraceae UCG-004",92,98,0.533810053790305,0,0,0,0.853198204233088
"102","Lachnospiraceae UCG-007",92,98,0.171816226745719,0,0,0,0.692898468119481
"103","Lachnospiraceae UCG-010",92,98,0.988219716029872,0,0,0,0.994711544952127
"104","Lacticaseibacillus",92,98,0.30698819156331,0,0,0,0.692898468119481
"105","Lactiplantibacillus",92,98,0.528957530230859,0,0,0,0.853198204233088
"106","Lactobacillus",92,98,0.743616336788005,0,0,0,0.968104287516459
"107","Lancefieldella",92,98,0.30698819156331,0,0,0,0.692898468119481
"108","Lawsonella",92,98,0.145395228125301,0,0,0,0.692898468119481
"109","Lelliottia",92,98,0.594866946538317,0,0,0,0.873398733494161
"110","Lentilactobacillus",92,98,0.96426695651891,0,0,0,0.994711544952127
"111","Leptotrichia",92,98,0.337874848738497,0,0,0,0.692898468119481
"112","Levilactobacillus",92,98,0.30698819156331,0,0,0,0.692898468119481
"113","Leyella",92,98,0.315667222783363,0,0,0,0.692898468119481
"114","Ligilactobacillus",92,98,0.403729939160855,0,0,0,0.759746340057245
"115","Limosilactobacillus",92,98,0.455712777148614,0,0,0,0.786104540581359
"116","Marvinbryantia",92,98,0.43577572683235,0,0,0,0.770987824395695
"117","Massiliomicrobiota",92,98,0.283649801584912,0,0,0,0.692898468119481
"118","Massiliprevotella",92,98,0.362522083872217,0,0,0,0.707944069448575
"119","Mediterraneibacter",92,98,0.120459324026696,0,0,0,0.692898468119481
"120","Megamonas",92,98,0.847663663684363,0,0,0,0.994711544952127
"121","Megasphaera",92,98,0.640834921565619,0,0,0,0.894221954858602
"122","Methanobrevibacter",92,98,0.620866047106685,0,0,0,0.880515018813198
"123","Methanosphaera",92,98,0.171816226745719,0,0,0,0.692898468119481
"124","Mitsuokella",92,98,0.299148922852131,0,0,0,0.692898468119481
"125","Mixta",92,98,0.96426695651891,0,0,0,0.994711544952127
"126","Mogibacterium",92,98,0.603362410095,0,0,0,0.873398733494161
"127","Monoglobus",92,98,0.740696032220828,0,0.000796880254878453,0.000796880254878453,0.968104287516459
"128","Moryella",92,98,0.344775566262351,0,0,0,0.692898468119481
"129","Murdochiella",92,98,0.145395228125301,0,0,0,0.692898468119481
"130","NK4A214 group",92,98,0.131735143345947,0,0.000817713115203714,0.000817713115203714,0.692898468119481
"131","Negativicoccus",92,98,0.30698819156331,0,0,0,0.692898468119481
"132","Neisseria",92,98,0.30698819156331,0,0,0,0.692898468119481
"133","Odoribacter",92,98,0.541537180913802,0,0,0,0.853198204233088
"134","Olsenella",92,98,0.494742743383688,0,0,0,0.820047982910511
"135","Oribacterium",92,98,0.587581071997735,0,0,0,0.873398733494161
"136","Oscillibacter",92,98,0.43456172162373,0,0,0,0.770987824395695
"137","Oxalobacter",92,98,0.96426695651891,0,0,0,0.994711544952127
"138","Paludicola",92,98,0.420555536140677,0,0,0,0.763640315623861
"139","Parabacteroides",92,98,0.215180628188251,0,0,0,0.692898468119481
"140","Paracoccus",92,98,0.171816226745719,0,0,0,0.692898468119481
"141","Paraprevotella",92,98,0.450421355501989,0,0,0,0.786104540581359
"142","Parasutterella",92,98,0.171816226745719,0,0,0,0.692898468119481
"143","Parolsenella",92,98,0.778380044699886,0,0,0,0.97651314698713
"144","Parvimonas",92,98,0.337874848738497,0,0,0,0.692898468119481
"145","Pediococcus",92,98,0.145395228125301,0,0,0,0.692898468119481
"146","Peptoniphilus",92,98,0.538880711089687,0,0,0,0.853198204233088
"147","Phascolarctobacterium",92,98,0.936543009606976,0,0,0,0.994711544952127
"148","Prevotellaceae NK3B31 group",92,98,0.930563516114263,0,0,0,0.994711544952127
"149","Prevotellaceae UCG-003",92,98,0.976173544499024,0,0,0,0.994711544952127
"150","Pseudocitrobacter",92,98,0.30698819156331,0,0,0,0.692898468119481
"151","Pseudomonas",92,98,0.30698819156331,0,0,0,0.692898468119481
"152","Ralstonia",92,98,0.643667010985177,0,0,0,0.894221954858602
"153","Raoultibacter",92,98,NA,0,0,0,NA
"154","Rikenellaceae RC9 gut group",92,98,0.833179448687167,0,0,0,0.994711544952127
"155","Romboutsia",92,98,0.624353968400379,0.00979581582313174,0.0106893805080467,0.000893564684914918,0.880515018813198
"156","Roseburia",92,98,0.914804975864986,0.0104339760767137,0.00812216328758912,-0.0023118127891246,0.994711544952127
"157","Rothia",92,98,0.868221525401316,0,0,0,0.994711544952127
"158","Ruminococcus",92,98,0.546774569699743,0.017838588758956,0.0182205433402343,0.000381954581278293,0.853198204233088
"159","Rummeliibacillus",92,98,0.30698819156331,0,0,0,0.692898468119481
"160","Ruthenibacterium",92,98,0.0732944482867357,0,0,0,0.692898468119481
"161","S5-A14a",92,98,0.30698819156331,0,0,0,0.692898468119481
"162","Sarcina",92,98,0.484688690444418,0,0,0,0.820047982910511
"163","Schaalia",92,98,0.0927695283593236,0,0,0,0.692898468119481
"164","Segatella",92,98,0.229484660585459,0.0189591253133582,0.0110632489970734,-0.00789587631628473,0.692898468119481
"165","Sellimonas",92,98,0.30698819156331,0,0,0,0.692898468119481
"166","Senegalimassilia",92,98,0.991733258038461,0,0,0,0.994711544952127
"167","Shewanella",92,98,0.30698819156331,0,0,0,0.692898468119481
"168","Shuttleworthia",92,98,0.603362410095,0,0,0,0.873398733494161
"169","Slackia",92,98,0.0265088901094372,0,0,0,0.692898468119481
"170","Solobacterium",92,98,0.410893764171701,0,0,0,0.762557232762089
"171","Sphingomonas",92,98,0.0876617675329738,0,0,0,0.692898468119481
"172","Staphylococcus",92,98,0.337874848738497,0,0,0,0.692898468119481
"173","Stenotrophomonas",92,98,0.126343884605476,0,0,0,0.692898468119481
"174","Streptococcus",92,98,0.340864848620389,0,0,0,0.692898468119481
"175","Subdoligranulum",92,98,0.976173544499024,0,0,0,0.994711544952127
"176","Succinivibrio",92,98,0.84805692008371,0,0,0,0.994711544952127
"177","Sutterella",92,98,0.434736155544716,0,0,0,0.770987824395695
"178","TM7x",92,98,0.930338892546351,0,0,0,0.994711544952127
"179","Terrisporobacter",92,98,0.980921475365237,0,0,0,0.994711544952127
"180","Thomasclavelia",92,98,0.97036226876944,0,0,0,0.994711544952127
"181","Tractidigestivibacter",92,98,0.355442796897171,0,0,0,0.701297304431747
"182","Treponema",92,98,0.145395228125301,0,0,0,0.692898468119481
"183","Turicibacter",92,98,0.0989041893011592,0,0,0,0.692898468119481
"184","Tyzzerella",92,98,0.90639194185842,0,0,0,0.994711544952127
"185","UCG-001",92,98,0.171816226745719,0,0,0,0.692898468119481
"186","UCG-002",92,98,0.379879990990609,0.00217986503332062,0.00424852845633445,0.00206866342301382,0.728103316065335
"187","UCG-003",92,98,0.108458788572584,0,0,0,0.692898468119481
"188","UCG-004",92,98,0.520987878354524,0,0,0,0.849169219050286
"189","UCG-005",92,98,0.83172416153649,0,0,0,0.994711544952127
"190","UCG-008",92,98,0.112575046116182,0,0,0,0.692898468119481
"191","UCG-009",92,98,0.721093827120553,0,0,0,0.956836039833041
"192","Veillonella",92,98,0.278909732702348,0,0,0,0.692898468119481
"193","Victivallis",92,98,0.976173544499024,0,0,0,0.994711544952127
"194","Weissella",92,98,0.260017175061029,0,0,0,0.692898468119481
"195","Z20",92,98,0.30698819156331,0,0,0,0.692898468119481
"196","Zag_111",92,98,0.369979920070016,0,0,0,0.715755546303676
"197","[Bacteroides] pectinophilus group",92,98,0.0927695283593236,0,0,0,0.692898468119481
"198","[Clostridium] innocuum group",92,98,0.0927695283593236,0,0,0,0.692898468119481
"199","[Eubacterium] brachy group",92,98,0.96426695651891,0,0,0,0.994711544952127
"200","[Eubacterium] eligens group",92,98,0.418632274125524,0,0,0,0.763640315623861
"201","[Eubacterium] ruminantium group",92,98,0.489528352708637,0,0,0,0.820047982910511
"202","[Eubacterium] siraeum group",92,98,0.0572468972955352,0,0,0,0.692898468119481
"203","[Eubacterium] sulci group",92,98,0.30698819156331,0,0,0,0.692898468119481
"204","[Eubacterium] ventriosum group",92,98,0.596914577272345,0,0,0,0.873398733494161
"205","[Eubacterium] xylanophilum group",92,98,0.798873011332621,0,0,0,0.984325674677694
"206","[Ruminococcus] gauvreauii group",92,98,0.756250390237121,0,0,0,0.968442819498436
"207","[Ruminococcus] gnavus group",92,98,0.463339390882342,0,0,0,0.792654991013593
"208","dgA-11 gut group",92,98,0.30698819156331,0,0,0,0.692898468119481
